Configuration;MeasuredValue;PredictedValue
iv_users%_%root%_%time_passes%_%;210.34;215.5578
gvn%_%iv_users%_%root%_%time_passes%_%;219.1533;215.6705
instcombine%_%iv_users%_%root%_%time_passes%_%;216.4033;217.0128
inline%_%iv_users%_%root%_%time_passes%_%;207.7467;216.1547
iv_users%_%jump_threading%_%root%_%time_passes%_%;199.6833;215.5187
iv_users%_%root%_%simplifycfg%_%time_passes%_%;200.38;215.6705
iv_users%_%root%_%sccp%_%time_passes%_%;200.66;215.6705
iv_users%_%print_used_types%_%root%_%time_passes%_%;203.18;215.6705
ipsccp%_%iv_users%_%root%_%time_passes%_%;202.2333;214.9883
iv_users%_%licm%_%root%_%time_passes%_%;212.4467;215.5578
gvn%_%iv_users%_%licm%_%root%_%time_passes%_%;228.3;215.6705
instcombine%_%iv_users%_%licm%_%root%_%time_passes%_%;230.74;217.0128
inline%_%iv_users%_%licm%_%root%_%time_passes%_%;241.7767;216.1547
iv_users%_%jump_threading%_%licm%_%root%_%time_passes%_%;212.92;215.5187
iv_users%_%licm%_%root%_%simplifycfg%_%time_passes%_%;213.48;215.6705
iv_users%_%licm%_%root%_%sccp%_%time_passes%_%;214.37;215.6705
iv_users%_%licm%_%print_used_types%_%root%_%time_passes%_%;216.5867;215.6705
ipsccp%_%iv_users%_%licm%_%root%_%time_passes%_%;215.6067;214.9883
gvn%_%jump_threading%_%root%_%time_passes%_%;232.2;216.7092
gvn%_%licm%_%root%_%time_passes%_%;267.4267;216.6954
jump_threading%_%licm%_%root%_%time_passes%_%;220.08;216.6954
gvn%_%jump_threading%_%licm%_%root%_%time_passes%_%;256.2233;216.7092
gvn%_%iv_users%_%jump_threading%_%root%_%time_passes%_%;221.6067;215.6347
gvn%_%iv_users%_%jump_threading%_%licm%_%root%_%time_passes%_%;230.79;215.6347
jump_threading%_%root%_%simplifycfg%_%time_passes%_%;205.9467;216.7092
gvn%_%root%_%simplifycfg%_%time_passes%_%;230.74;216.7092
gvn%_%jump_threading%_%root%_%simplifycfg%_%time_passes%_%;229.8567;216.7218
gvn%_%iv_users%_%root%_%simplifycfg%_%time_passes%_%;222.2367;215.7733
iv_users%_%jump_threading%_%root%_%simplifycfg%_%time_passes%_%;200.9233;215.6347
gvn%_%iv_users%_%jump_threading%_%root%_%simplifycfg%_%time_passes%_%;223.0133;215.7407
licm%_%root%_%simplifycfg%_%time_passes%_%;219.4967;216.6954
jump_threading%_%licm%_%root%_%simplifycfg%_%time_passes%_%;218.0733;216.7092
iv_users%_%jump_threading%_%licm%_%root%_%simplifycfg%_%time_passes%_%;214.2433;215.6347
gvn%_%licm%_%root%_%simplifycfg%_%time_passes%_%;238.7533;216.7092
gvn%_%iv_users%_%licm%_%root%_%simplifycfg%_%time_passes%_%;231.2167;215.7733
gvn%_%jump_threading%_%licm%_%root%_%simplifycfg%_%time_passes%_%;255.6433;216.7218
gvn%_%iv_users%_%jump_threading%_%licm%_%root%_%simplifycfg%_%time_passes%_%;232.2167;215.7407
instcombine%_%root%_%simplifycfg%_%time_passes%_%;224.0733;218.0515
instcombine%_%jump_threading%_%root%_%time_passes%_%;234.08;218.2033
instcombine%_%jump_threading%_%root%_%simplifycfg%_%time_passes%_%;233.2767;218.0861
gvn%_%instcombine%_%root%_%time_passes%_%;232.7;218.0515
gvn%_%instcombine%_%jump_threading%_%root%_%time_passes%_%;245.9367;218.0861
gvn%_%instcombine%_%root%_%simplifycfg%_%time_passes%_%;246.7567;217.9474
gvn%_%instcombine%_%jump_threading%_%root%_%simplifycfg%_%time_passes%_%;245.7567;217.979
instcombine%_%licm%_%root%_%time_passes%_%;257.3333;218.1654
instcombine%_%licm%_%root%_%simplifycfg%_%time_passes%_%;237.1033;218.0515
gvn%_%instcombine%_%licm%_%root%_%time_passes%_%;238.23;218.0515
gvn%_%instcombine%_%licm%_%root%_%simplifycfg%_%time_passes%_%;255.2133;217.9474
instcombine%_%jump_threading%_%licm%_%root%_%time_passes%_%;237.6967;218.2033
gvn%_%instcombine%_%jump_threading%_%licm%_%root%_%time_passes%_%;254.34;218.0861
instcombine%_%jump_threading%_%licm%_%root%_%simplifycfg%_%time_passes%_%;235.91;218.0861
gvn%_%instcombine%_%jump_threading%_%licm%_%root%_%simplifycfg%_%time_passes%_%;254.0733;217.979
instcombine%_%iv_users%_%root%_%simplifycfg%_%time_passes%_%;217.6967;216.999
instcombine%_%iv_users%_%jump_threading%_%root%_%time_passes%_%;217.0933;216.999
instcombine%_%iv_users%_%jump_threading%_%root%_%simplifycfg%_%time_passes%_%;218.1233;216.9864
instcombine%_%iv_users%_%jump_threading%_%licm%_%root%_%time_passes%_%;231.3233;216.999
instcombine%_%iv_users%_%licm%_%root%_%simplifycfg%_%time_passes%_%;231.62;216.999
instcombine%_%iv_users%_%jump_threading%_%licm%_%root%_%simplifycfg%_%time_passes%_%;233.0033;216.9864
gvn%_%instcombine%_%iv_users%_%root%_%time_passes%_%;234.87;216.999
gvn%_%instcombine%_%iv_users%_%root%_%simplifycfg%_%time_passes%_%;238.7333;216.9864
gvn%_%instcombine%_%iv_users%_%licm%_%root%_%time_passes%_%;246.0033;216.999
gvn%_%instcombine%_%iv_users%_%licm%_%root%_%simplifycfg%_%time_passes%_%;247.9933;216.9864
gvn%_%instcombine%_%iv_users%_%jump_threading%_%root%_%time_passes%_%;238.0967;216.9864
gvn%_%instcombine%_%iv_users%_%jump_threading%_%licm%_%root%_%time_passes%_%;247.8033;216.9864
gvn%_%instcombine%_%iv_users%_%jump_threading%_%root%_%simplifycfg%_%time_passes%_%;239.5567;216.9749
gvn%_%instcombine%_%iv_users%_%jump_threading%_%licm%_%root%_%simplifycfg%_%time_passes%_%;249.0367;216.9749
instcombine%_%root%_%sccp%_%time_passes%_%;222.4333;218.0515
root%_%sccp%_%simplifycfg%_%time_passes%_%;205.2067;216.7092
instcombine%_%root%_%sccp%_%simplifycfg%_%time_passes%_%;222.52;217.9474
jump_threading%_%root%_%sccp%_%time_passes%_%;207.2333;216.7092
jump_threading%_%root%_%sccp%_%simplifycfg%_%time_passes%_%;206.6167;216.7218
instcombine%_%jump_threading%_%root%_%sccp%_%time_passes%_%;222.8233;218.0861
instcombine%_%jump_threading%_%root%_%sccp%_%simplifycfg%_%time_passes%_%;232.66;217.979
gvn%_%root%_%sccp%_%time_passes%_%;229.1667;216.7092
gvn%_%instcombine%_%root%_%sccp%_%time_passes%_%;244.5;217.9474
gvn%_%jump_threading%_%root%_%sccp%_%time_passes%_%;231.19;216.7218
gvn%_%instcombine%_%jump_threading%_%root%_%sccp%_%time_passes%_%;244.49;217.979
gvn%_%root%_%sccp%_%simplifycfg%_%time_passes%_%;229.6767;216.7218
gvn%_%jump_threading%_%root%_%sccp%_%simplifycfg%_%time_passes%_%;230.59;216.7333
gvn%_%instcombine%_%root%_%sccp%_%simplifycfg%_%time_passes%_%;246.48;217.8524
gvn%_%instcombine%_%jump_threading%_%root%_%sccp%_%simplifycfg%_%time_passes%_%;246.4967;217.8813
instcombine%_%iv_users%_%root%_%sccp%_%time_passes%_%;218.0967;216.999
iv_users%_%root%_%sccp%_%simplifycfg%_%time_passes%_%;205.3633;215.7733
instcombine%_%iv_users%_%root%_%sccp%_%simplifycfg%_%time_passes%_%;222.1867;216.9864
gvn%_%iv_users%_%root%_%sccp%_%time_passes%_%;221.25;215.7733
gvn%_%iv_users%_%root%_%sccp%_%simplifycfg%_%time_passes%_%;227.1833;215.8673
gvn%_%instcombine%_%iv_users%_%root%_%sccp%_%time_passes%_%;237.75;216.9864
gvn%_%instcombine%_%iv_users%_%root%_%sccp%_%simplifycfg%_%time_passes%_%;240.34;216.9749
iv_users%_%jump_threading%_%root%_%sccp%_%time_passes%_%;201.7033;215.6347
instcombine%_%iv_users%_%jump_threading%_%root%_%sccp%_%time_passes%_%;218.7267;216.9864
gvn%_%iv_users%_%jump_threading%_%root%_%sccp%_%time_passes%_%;223.3367;215.7407
gvn%_%instcombine%_%iv_users%_%jump_threading%_%root%_%sccp%_%time_passes%_%;242.0867;216.9749
iv_users%_%jump_threading%_%root%_%sccp%_%simplifycfg%_%time_passes%_%;206.1167;215.7407
gvn%_%iv_users%_%jump_threading%_%root%_%sccp%_%simplifycfg%_%time_passes%_%;227.64;215.8374
instcombine%_%iv_users%_%jump_threading%_%root%_%sccp%_%simplifycfg%_%time_passes%_%;219.87;216.9749
gvn%_%instcombine%_%iv_users%_%jump_threading%_%root%_%sccp%_%simplifycfg%_%time_passes%_%;243.26;216.9644
licm%_%root%_%sccp%_%time_passes%_%;217.3967;216.6954
instcombine%_%licm%_%root%_%sccp%_%time_passes%_%;234.8667;218.0515
licm%_%root%_%sccp%_%simplifycfg%_%time_passes%_%;217.68;216.7092
instcombine%_%licm%_%root%_%sccp%_%simplifycfg%_%time_passes%_%;234.42;217.9474
jump_threading%_%licm%_%root%_%sccp%_%time_passes%_%;219.3133;216.7092
jump_threading%_%licm%_%root%_%sccp%_%simplifycfg%_%time_passes%_%;218.96;216.7218
instcombine%_%jump_threading%_%licm%_%root%_%sccp%_%time_passes%_%;236.7367;218.0861
instcombine%_%jump_threading%_%licm%_%root%_%sccp%_%simplifycfg%_%time_passes%_%;236.4333;217.979
instcombine%_%iv_users%_%licm%_%root%_%sccp%_%time_passes%_%;232.22;216.999
iv_users%_%jump_threading%_%licm%_%root%_%sccp%_%time_passes%_%;214.8867;215.6347
instcombine%_%iv_users%_%jump_threading%_%licm%_%root%_%sccp%_%time_passes%_%;233.4167;216.9864
iv_users%_%licm%_%root%_%sccp%_%simplifycfg%_%time_passes%_%;218.2967;215.7733
iv_users%_%jump_threading%_%licm%_%root%_%sccp%_%simplifycfg%_%time_passes%_%;219.0767;215.7407
instcombine%_%iv_users%_%licm%_%root%_%sccp%_%simplifycfg%_%time_passes%_%;234.8733;216.9864
instcombine%_%iv_users%_%jump_threading%_%licm%_%root%_%sccp%_%simplifycfg%_%time_passes%_%;236.3467;216.9749
gvn%_%licm%_%root%_%sccp%_%time_passes%_%;237.1333;216.7092
gvn%_%instcombine%_%licm%_%root%_%sccp%_%time_passes%_%;252.8367;217.9474
gvn%_%licm%_%root%_%sccp%_%simplifycfg%_%time_passes%_%;237.89;216.7218
gvn%_%instcombine%_%licm%_%root%_%sccp%_%simplifycfg%_%time_passes%_%;255.0133;217.8524
gvn%_%iv_users%_%licm%_%root%_%sccp%_%time_passes%_%;230.4667;215.7733
gvn%_%iv_users%_%licm%_%root%_%sccp%_%simplifycfg%_%time_passes%_%;235.7;215.8673
gvn%_%instcombine%_%iv_users%_%licm%_%root%_%sccp%_%time_passes%_%;247.6867;216.9864
gvn%_%instcombine%_%iv_users%_%licm%_%root%_%sccp%_%simplifycfg%_%time_passes%_%;250.0667;216.9749
gvn%_%jump_threading%_%licm%_%root%_%sccp%_%time_passes%_%;238.2033;216.7218
gvn%_%instcombine%_%jump_threading%_%licm%_%root%_%sccp%_%time_passes%_%;252.9867;217.979
gvn%_%iv_users%_%jump_threading%_%licm%_%root%_%sccp%_%time_passes%_%;232.4933;215.7407
gvn%_%instcombine%_%iv_users%_%jump_threading%_%licm%_%root%_%sccp%_%time_passes%_%;251.01;216.9749
gvn%_%jump_threading%_%licm%_%root%_%sccp%_%simplifycfg%_%time_passes%_%;255.12;216.7333
gvn%_%iv_users%_%jump_threading%_%licm%_%root%_%sccp%_%simplifycfg%_%time_passes%_%;234.0533;215.8374
gvn%_%instcombine%_%jump_threading%_%licm%_%root%_%sccp%_%simplifycfg%_%time_passes%_%;254.4967;217.8813
gvn%_%instcombine%_%iv_users%_%jump_threading%_%licm%_%root%_%sccp%_%simplifycfg%_%time_passes%_%;251.9833;216.9644
root%_%time_passes%_%;210.44;216.6803
gvn%_%root%_%time_passes%_%;234.68;216.6954
instcombine%_%root%_%time_passes%_%;219.6367;218.1654
inline%_%root%_%time_passes%_%;208.92;217.2762
jump_threading%_%root%_%time_passes%_%;208.0467;216.6954
root%_%simplifycfg%_%time_passes%_%;206.9;216.6954
root%_%sccp%_%time_passes%_%;204.9867;216.6954
print_used_types%_%root%_%time_passes%_%;204.0533;216.6954
ipsccp%_%root%_%time_passes%_%;201.1533;216.1146
licm%_%root%_%time_passes%_%;258.8267;216.6803
gvn%_%inline%_%instcombine%_%ipsccp%_%root%_%sccp%_%simplifycfg%_%time_passes%_%;249.1167;217.8304
gvn%_%inline%_%iv_users%_%licm%_%print_used_types%_%root%_%sccp%_%simplifycfg%_%time_passes%_%;248.0633;216.3679
inline%_%instcombine%_%jump_threading%_%root%_%sccp%_%simplifycfg%_%time_passes%_%;224.5067;218.4537
gvn%_%instcombine%_%ipsccp%_%print_used_types%_%root%_%sccp%_%time_passes%_%;241.0167;217.397
gvn%_%ipsccp%_%print_used_types%_%root%_%time_passes%_%;221.3333;216.2375
gvn%_%inline%_%instcombine%_%ipsccp%_%jump_threading%_%licm%_%print_used_types%_%root%_%simplifycfg%_%time_passes%_%;262.94;217.8612
gvn%_%instcombine%_%ipsccp%_%jump_threading%_%licm%_%print_used_types%_%root%_%sccp%_%time_passes%_%;250.2767;217.4267
instcombine%_%iv_users%_%licm%_%print_used_types%_%root%_%simplifycfg%_%time_passes%_%;231.63;216.9864
gvn%_%instcombine%_%ipsccp%_%jump_threading%_%root%_%simplifycfg%_%time_passes%_%;243.9633;217.4812
gvn%_%inline%_%instcombine%_%ipsccp%_%iv_users%_%jump_threading%_%root%_%sccp%_%time_passes%_%;255.39;216.9548
inline%_%instcombine%_%iv_users%_%print_used_types%_%root%_%sccp%_%time_passes%_%;227.19;217.4592
gvn%_%ipsccp%_%jump_threading%_%licm%_%root%_%sccp%_%simplifycfg%_%time_passes%_%;238.5567;216.3016
iv_users%_%jump_threading%_%print_used_types%_%root%_%simplifycfg%_%time_passes%_%;201.9733;215.7407
gvn%_%inline%_%instcombine%_%iv_users%_%jump_threading%_%licm%_%print_used_types%_%root%_%time_passes%_%;259.26;217.4487
inline%_%instcombine%_%ipsccp%_%jump_threading%_%licm%_%root%_%sccp%_%simplifycfg%_%time_passes%_%;251.7867;217.957
gvn%_%inline%_%instcombine%_%jump_threading%_%root%_%time_passes%_%;243.7833;218.6059
ipsccp%_%licm%_%root%_%sccp%_%time_passes%_%;216.2233;216.1788
gvn%_%inline%_%licm%_%print_used_types%_%root%_%sccp%_%simplifycfg%_%time_passes%_%;250.5667;217.1475
gvn%_%ipsccp%_%iv_users%_%jump_threading%_%print_used_types%_%root%_%sccp%_%time_passes%_%;228.7167;215.4031
gvn%_%inline%_%instcombine%_%ipsccp%_%iv_users%_%licm%_%print_used_types%_%root%_%time_passes%_%;262.7367;216.9644
inline%_%instcombine%_%licm%_%root%_%simplifycfg%_%time_passes%_%;252.2667;218.5703
gvn%_%inline%_%instcombine%_%ipsccp%_%iv_users%_%root%_%sccp%_%simplifycfg%_%time_passes%_%;255.47;216.9548
gvn%_%inline%_%ipsccp%_%iv_users%_%jump_threading%_%licm%_%print_used_types%_%root%_%simplifycfg%_%time_passes%_%;253.74;215.8558
inline%_%instcombine%_%ipsccp%_%iv_users%_%licm%_%print_used_types%_%root%_%simplifycfg%_%time_passes%_%;251.9133;216.9644
inline%_%instcombine%_%ipsccp%_%root%_%sccp%_%time_passes%_%;229.1867;218.0251
gvn%_%inline%_%jump_threading%_%licm%_%root%_%simplifycfg%_%time_passes%_%;239.4967;217.2175
ipsccp%_%iv_users%_%print_used_types%_%root%_%sccp%_%time_passes%_%;205.99;215.2985
gvn%_%inline%_%instcombine%_%ipsccp%_%licm%_%root%_%simplifycfg%_%time_passes%_%;264.47;217.9233
gvn%_%instcombine%_%ipsccp%_%iv_users%_%licm%_%root%_%time_passes%_%;248.69;216.4561
gvn%_%instcombine%_%ipsccp%_%iv_users%_%print_used_types%_%root%_%sccp%_%simplifycfg%_%time_passes%_%;244.2333;216.5511
inline%_%iv_users%_%jump_threading%_%licm%_%root%_%simplifycfg%_%time_passes%_%;257.0433;216.1788
print_used_types%_%root%_%sccp%_%simplifycfg%_%time_passes%_%;203.19;216.7218
inline%_%iv_users%_%licm%_%root%_%simplifycfg%_%time_passes%_%;256.06;216.2155
gvn%_%ipsccp%_%iv_users%_%jump_threading%_%root%_%sccp%_%time_passes%_%;226.1333;215.265
instcombine%_%iv_users%_%jump_threading%_%print_used_types%_%root%_%time_passes%_%;220.8633;216.9864
gvn%_%inline%_%ipsccp%_%iv_users%_%root%_%sccp%_%simplifycfg%_%time_passes%_%;240.9867;215.8873
gvn%_%instcombine%_%jump_threading%_%licm%_%print_used_types%_%root%_%time_passes%_%;254.4667;217.979
gvn%_%inline%_%ipsccp%_%iv_users%_%licm%_%print_used_types%_%root%_%time_passes%_%;248.4033;215.7953
inline%_%instcombine%_%ipsccp%_%jump_threading%_%print_used_types%_%root%_%simplifycfg%_%time_passes%_%;229.68;217.957
instcombine%_%ipsccp%_%iv_users%_%jump_threading%_%licm%_%print_used_types%_%root%_%sccp%_%simplifycfg%_%time_passes%_%;237.36;216.5126
gvn%_%inline%_%instcombine%_%licm%_%print_used_types%_%root%_%sccp%_%simplifycfg%_%time_passes%_%;264.9267;218.1607
inline%_%jump_threading%_%licm%_%print_used_types%_%root%_%time_passes%_%;264.7367;217.2521
gvn%_%inline%_%licm%_%root%_%time_passes%_%;240.3467;217.2395
ipsccp%_%iv_users%_%licm%_%print_used_types%_%root%_%time_passes%_%;214.3267;215.1504
gvn%_%inline%_%ipsccp%_%root%_%simplifycfg%_%time_passes%_%;238.2467;216.7333
instcombine%_%ipsccp%_%jump_threading%_%print_used_types%_%root%_%simplifycfg%_%time_passes%_%;219.0767;217.4812
inline%_%instcombine%_%ipsccp%_%licm%_%print_used_types%_%root%_%sccp%_%simplifycfg%_%time_passes%_%;249.8267;217.8304
gvn%_%inline%_%ipsccp%_%iv_users%_%jump_threading%_%licm%_%root%_%sccp%_%time_passes%_%;253.82;215.7607
gvn%_%inline%_%licm%_%print_used_types%_%root%_%simplifycfg%_%time_passes%_%;251.9067;217.1754
gvn%_%instcombine%_%print_used_types%_%root%_%time_passes%_%;242.9167;217.9474
inline%_%ipsccp%_%jump_threading%_%root%_%simplifycfg%_%time_passes%_%;213.0967;216.7333
ipsccp%_%iv_users%_%jump_threading%_%print_used_types%_%root%_%sccp%_%simplifycfg%_%time_passes%_%;207.6467;215.4031
gvn%_%inline%_%instcombine%_%ipsccp%_%iv_users%_%licm%_%print_used_types%_%root%_%simplifycfg%_%time_passes%_%;266.5167;216.9548
gvn%_%ipsccp%_%iv_users%_%licm%_%root%_%sccp%_%simplifycfg%_%time_passes%_%;237.5067;215.4337
gvn%_%inline%_%ipsccp%_%iv_users%_%jump_threading%_%root%_%time_passes%_%;234.55;215.6567
gvn%_%ipsccp%_%iv_users%_%root%_%time_passes%_%;223.6833;215.1504
licm%_%print_used_types%_%root%_%time_passes%_%;216.6367;216.6954
instcombine%_%licm%_%print_used_types%_%root%_%sccp%_%time_passes%_%;233.5433;217.9474
gvn%_%inline%_%iv_users%_%root%_%sccp%_%time_passes%_%;232.86;216.271
gvn%_%inline%_%ipsccp%_%iv_users%_%print_used_types%_%root%_%sccp%_%time_passes%_%;240.9933;215.8873
gvn%_%inline%_%ipsccp%_%iv_users%_%jump_threading%_%root%_%sccp%_%time_passes%_%;239.06;215.7607
inline%_%ipsccp%_%jump_threading%_%licm%_%root%_%sccp%_%simplifycfg%_%time_passes%_%;259.6933;216.7438
gvn%_%inline%_%ipsccp%_%jump_threading%_%root%_%simplifycfg%_%time_passes%_%;240.0733;216.7438
gvn%_%iv_users%_%jump_threading%_%licm%_%print_used_types%_%root%_%simplifycfg%_%time_passes%_%;235.5733;215.8374
inline%_%instcombine%_%ipsccp%_%iv_users%_%licm%_%root%_%time_passes%_%;248.02;216.9864
inline%_%jump_threading%_%licm%_%root%_%sccp%_%time_passes%_%;263.31;217.2521
gvn%_%inline%_%iv_users%_%jump_threading%_%root%_%simplifycfg%_%time_passes%_%;233.7433;216.2375
gvn%_%iv_users%_%licm%_%print_used_types%_%root%_%simplifycfg%_%time_passes%_%;231.8867;215.8673
inline%_%instcombine%_%jump_threading%_%licm%_%print_used_types%_%root%_%simplifycfg%_%time_passes%_%;250.6133;218.4537
inline%_%ipsccp%_%root%_%simplifycfg%_%time_passes%_%;211.7433;216.7218
gvn%_%inline%_%ipsccp%_%licm%_%print_used_types%_%root%_%sccp%_%simplifycfg%_%time_passes%_%;250.04;216.7534
inline%_%licm%_%print_used_types%_%root%_%time_passes%_%;246.9567;217.2395
gvn%_%inline%_%iv_users%_%jump_threading%_%licm%_%root%_%simplifycfg%_%time_passes%_%;246.9433;216.2375
inline%_%instcombine%_%iv_users%_%jump_threading%_%root%_%sccp%_%simplifycfg%_%time_passes%_%;231.77;217.4487
instcombine%_%ipsccp%_%iv_users%_%jump_threading%_%licm%_%root%_%sccp%_%simplifycfg%_%time_passes%_%;235.78;216.4801
gvn%_%inline%_%jump_threading%_%print_used_types%_%root%_%simplifycfg%_%time_passes%_%;241.8967;217.1859
gvn%_%iv_users%_%jump_threading%_%print_used_types%_%root%_%sccp%_%time_passes%_%;224.2967;215.8374
gvn%_%inline%_%root%_%time_passes%_%;248.0167;217.2395
gvn%_%print_used_types%_%root%_%time_passes%_%;227.8533;216.7092
gvn%_%ipsccp%_%root%_%time_passes%_%;224.43;216.1788
inline%_%instcombine%_%root%_%time_passes%_%;224.95;218.7337
instcombine%_%print_used_types%_%root%_%time_passes%_%;221.3767;218.0515
instcombine%_%ipsccp%_%root%_%time_passes%_%;218.8167;217.5672
inline%_%jump_threading%_%root%_%time_passes%_%;217.29;217.29
inline%_%root%_%simplifycfg%_%time_passes%_%;218.1533;217.2395
inline%_%root%_%sccp%_%time_passes%_%;214.72;217.2395
inline%_%print_used_types%_%root%_%time_passes%_%;213.1833;217.2395
inline%_%ipsccp%_%root%_%time_passes%_%;209.7033;216.7092
inline%_%licm%_%root%_%time_passes%_%;220.8667;217.2762
jump_threading%_%print_used_types%_%root%_%time_passes%_%;204.6867;216.7092
ipsccp%_%jump_threading%_%root%_%time_passes%_%;201.5467;216.1284
print_used_types%_%root%_%simplifycfg%_%time_passes%_%;207.12;216.7092
ipsccp%_%root%_%simplifycfg%_%time_passes%_%;201.8333;216.1788
print_used_types%_%root%_%sccp%_%time_passes%_%;202.3867;216.7092
ipsccp%_%root%_%sccp%_%time_passes%_%;203.6367;216.1788
ipsccp%_%print_used_types%_%root%_%time_passes%_%;199.9533;216.1788
ipsccp%_%licm%_%root%_%time_passes%_%;213.2667;216.1146
inline%_%ipsccp%_%iv_users%_%root%_%simplifycfg%_%time_passes%_%;213.6033;215.6946
inline%_%instcombine%_%ipsccp%_%iv_users%_%jump_threading%_%licm%_%print_used_types%_%root%_%simplifycfg%_%time_passes%_%;248.5833;216.9548
gvn%_%inline%_%instcombine%_%jump_threading%_%licm%_%root%_%simplifycfg%_%time_passes%_%;251.8033;218.4537
gvn%_%inline%_%instcombine%_%iv_users%_%jump_threading%_%licm%_%root%_%simplifycfg%_%time_passes%_%;261.5733;217.4487
gvn%_%inline%_%instcombine%_%jump_threading%_%licm%_%print_used_types%_%root%_%simplifycfg%_%time_passes%_%;267.5933;218.3147
gvn%_%inline%_%instcombine%_%iv_users%_%jump_threading%_%licm%_%print_used_types%_%root%_%simplifycfg%_%time_passes%_%;260.6933;217.397
gvn%_%inline%_%instcombine%_%ipsccp%_%jump_threading%_%licm%_%root%_%simplifycfg%_%time_passes%_%;265.4233;217.957
gvn%_%inline%_%instcombine%_%ipsccp%_%iv_users%_%jump_threading%_%licm%_%root%_%simplifycfg%_%time_passes%_%;263.82;216.9548
gvn%_%inline%_%instcombine%_%ipsccp%_%iv_users%_%jump_threading%_%licm%_%print_used_types%_%root%_%simplifycfg%_%time_passes%_%;267.51;216.9461
inline%_%instcombine%_%jump_threading%_%licm%_%root%_%sccp%_%simplifycfg%_%time_passes%_%;268.55;218.4537
inline%_%print_used_types%_%root%_%simplifycfg%_%time_passes%_%;214.8867;217.206
inline%_%instcombine%_%iv_users%_%jump_threading%_%licm%_%root%_%sccp%_%simplifycfg%_%time_passes%_%;249.3433;217.4487
inline%_%instcombine%_%ipsccp%_%iv_users%_%jump_threading%_%licm%_%root%_%sccp%_%simplifycfg%_%time_passes%_%;251.5233;216.9548
gvn%_%inline%_%instcombine%_%jump_threading%_%licm%_%root%_%sccp%_%simplifycfg%_%time_passes%_%;252.6833;218.3147
gvn%_%inline%_%instcombine%_%ipsccp%_%jump_threading%_%licm%_%root%_%sccp%_%simplifycfg%_%time_passes%_%;263.5867;217.8612
gvn%_%inline%_%instcombine%_%iv_users%_%jump_threading%_%licm%_%root%_%sccp%_%simplifycfg%_%time_passes%_%;264.7433;217.397
gvn%_%inline%_%instcombine%_%ipsccp%_%iv_users%_%jump_threading%_%licm%_%root%_%sccp%_%simplifycfg%_%time_passes%_%;269.47;216.9461
inline%_%instcombine%_%jump_threading%_%licm%_%print_used_types%_%root%_%sccp%_%simplifycfg%_%time_passes%_%;269.47;218.3147
inline%_%instcombine%_%iv_users%_%jump_threading%_%licm%_%print_used_types%_%root%_%sccp%_%simplifycfg%_%time_passes%_%;249.36;217.397
gvn%_%inline%_%instcombine%_%jump_threading%_%licm%_%print_used_types%_%root%_%sccp%_%simplifycfg%_%time_passes%_%;250.43;218.1878
inline%_%ipsccp%_%print_used_types%_%root%_%simplifycfg%_%time_passes%_%;210.9967;216.7333
gvn%_%inline%_%instcombine%_%iv_users%_%jump_threading%_%licm%_%print_used_types%_%root%_%sccp%_%simplifycfg%_%time_passes%_%;262.1133;217.3498
inline%_%instcombine%_%ipsccp%_%jump_threading%_%licm%_%print_used_types%_%root%_%sccp%_%simplifycfg%_%time_passes%_%;267.1733;217.8612
gvn%_%inline%_%instcombine%_%ipsccp%_%jump_threading%_%licm%_%print_used_types%_%root%_%sccp%_%simplifycfg%_%time_passes%_%;252.4467;217.7737
inline%_%instcombine%_%ipsccp%_%iv_users%_%jump_threading%_%licm%_%print_used_types%_%root%_%sccp%_%simplifycfg%_%time_passes%_%;265.8167;216.9461
gvn%_%inline%_%instcombine%_%ipsccp%_%iv_users%_%jump_threading%_%licm%_%print_used_types%_%root%_%sccp%_%simplifycfg%_%time_passes%_%;253.6733;216.9381
inline%_%iv_users%_%print_used_types%_%root%_%simplifycfg%_%time_passes%_%;215.01;216.271
inline%_%ipsccp%_%iv_users%_%print_used_types%_%root%_%simplifycfg%_%time_passes%_%;212.0533;215.7953
inline%_%jump_threading%_%root%_%simplifycfg%_%time_passes%_%;216.3733;217.2521
inline%_%iv_users%_%jump_threading%_%root%_%simplifycfg%_%time_passes%_%;210.5067;216.1788
inline%_%jump_threading%_%print_used_types%_%root%_%simplifycfg%_%time_passes%_%;212.7133;217.2175
inline%_%iv_users%_%jump_threading%_%print_used_types%_%root%_%simplifycfg%_%time_passes%_%;211.48;216.2375
inline%_%ipsccp%_%jump_threading%_%print_used_types%_%root%_%simplifycfg%_%time_passes%_%;214.4067;216.7438
inline%_%ipsccp%_%iv_users%_%jump_threading%_%root%_%simplifycfg%_%time_passes%_%;215.7333;215.6567
inline%_%ipsccp%_%iv_users%_%jump_threading%_%print_used_types%_%root%_%simplifycfg%_%time_passes%_%;215.9467;215.7607
inline%_%root%_%sccp%_%simplifycfg%_%time_passes%_%;217.2367;217.206
inline%_%iv_users%_%root%_%sccp%_%simplifycfg%_%time_passes%_%;212.4433;216.271
inline%_%ipsccp%_%root%_%sccp%_%simplifycfg%_%time_passes%_%;214.38;216.7333
inline%_%ipsccp%_%iv_users%_%root%_%sccp%_%simplifycfg%_%time_passes%_%;215.9433;215.7953
inline%_%jump_threading%_%root%_%sccp%_%simplifycfg%_%time_passes%_%;217.4667;217.2175
inline%_%ipsccp%_%jump_threading%_%root%_%sccp%_%simplifycfg%_%time_passes%_%;213.4067;216.7438
inline%_%iv_users%_%jump_threading%_%root%_%sccp%_%simplifycfg%_%time_passes%_%;216.9233;216.2375
iv_users%_%print_used_types%_%root%_%sccp%_%time_passes%_%;201.8967;215.7733
inline%_%ipsccp%_%iv_users%_%jump_threading%_%root%_%sccp%_%simplifycfg%_%time_passes%_%;215.3667;215.7607
inline%_%print_used_types%_%root%_%sccp%_%simplifycfg%_%time_passes%_%;218.2333;217.1754
inline%_%iv_users%_%print_used_types%_%root%_%sccp%_%simplifycfg%_%time_passes%_%;213;216.3217
inline%_%jump_threading%_%print_used_types%_%root%_%sccp%_%simplifycfg%_%time_passes%_%;214.48;217.1859
inline%_%iv_users%_%jump_threading%_%print_used_types%_%root%_%sccp%_%simplifycfg%_%time_passes%_%;214.05;216.2911
inline%_%ipsccp%_%print_used_types%_%root%_%sccp%_%simplifycfg%_%time_passes%_%;215.47;216.7438
inline%_%ipsccp%_%jump_threading%_%print_used_types%_%root%_%sccp%_%simplifycfg%_%time_passes%_%;217.2933;216.7534
inline%_%ipsccp%_%iv_users%_%print_used_types%_%root%_%sccp%_%simplifycfg%_%time_passes%_%;218.3233;215.8873
inline%_%ipsccp%_%iv_users%_%jump_threading%_%print_used_types%_%root%_%sccp%_%simplifycfg%_%time_passes%_%;218.6233;215.8558
instcombine%_%ipsccp%_%iv_users%_%root%_%time_passes%_%;219.2833;216.4182
instcombine%_%ipsccp%_%print_used_types%_%root%_%time_passes%_%;217.2867;217.5052
instcombine%_%iv_users%_%print_used_types%_%root%_%time_passes%_%;220.3967;216.999
instcombine%_%ipsccp%_%iv_users%_%print_used_types%_%root%_%time_passes%_%;219.3867;216.4561
instcombine%_%print_used_types%_%root%_%sccp%_%time_passes%_%;220.4233;217.9474
ipsccp%_%print_used_types%_%root%_%sccp%_%time_passes%_%;204.1767;216.2375
instcombine%_%iv_users%_%print_used_types%_%root%_%sccp%_%time_passes%_%;218.89;216.9864
instcombine%_%ipsccp%_%root%_%sccp%_%time_passes%_%;221.1667;217.5052
instcombine%_%ipsccp%_%print_used_types%_%root%_%sccp%_%time_passes%_%;221.01;217.4487
instcombine%_%ipsccp%_%iv_users%_%root%_%sccp%_%time_passes%_%;222.0867;216.4561
instcombine%_%ipsccp%_%iv_users%_%print_used_types%_%root%_%sccp%_%time_passes%_%;223.2967;216.4906
instcombine%_%ipsccp%_%root%_%simplifycfg%_%time_passes%_%;219.9667;217.5052
instcombine%_%ipsccp%_%iv_users%_%root%_%simplifycfg%_%time_passes%_%;220.3867;216.4561
ipsccp%_%iv_users%_%root%_%sccp%_%time_passes%_%;205.13;215.1504
instcombine%_%ipsccp%_%root%_%sccp%_%simplifycfg%_%time_passes%_%;219.3333;217.4487
instcombine%_%ipsccp%_%iv_users%_%root%_%sccp%_%simplifycfg%_%time_passes%_%;221.7267;216.4906
instcombine%_%print_used_types%_%root%_%simplifycfg%_%time_passes%_%;224.1767;217.9474
instcombine%_%iv_users%_%print_used_types%_%root%_%simplifycfg%_%time_passes%_%;218.5633;216.9864
instcombine%_%print_used_types%_%root%_%sccp%_%simplifycfg%_%time_passes%_%;220.5733;217.8524
instcombine%_%iv_users%_%print_used_types%_%root%_%sccp%_%simplifycfg%_%time_passes%_%;220.21;216.9749
instcombine%_%ipsccp%_%print_used_types%_%root%_%simplifycfg%_%time_passes%_%;222.2667;217.4487
instcombine%_%ipsccp%_%print_used_types%_%root%_%sccp%_%simplifycfg%_%time_passes%_%;221.26;217.397
instcombine%_%ipsccp%_%iv_users%_%print_used_types%_%root%_%simplifycfg%_%time_passes%_%;223.07;216.4906
instcombine%_%ipsccp%_%iv_users%_%print_used_types%_%root%_%sccp%_%simplifycfg%_%time_passes%_%;223.2867;216.5222
inline%_%instcombine%_%iv_users%_%root%_%time_passes%_%;224.49;217.5798
inline%_%instcombine%_%ipsccp%_%root%_%time_passes%_%;227.0133;218.1365
inline%_%instcombine%_%ipsccp%_%iv_users%_%root%_%time_passes%_%;227.4;216.9864
inline%_%instcombine%_%print_used_types%_%root%_%time_passes%_%;229.2767;218.5703
inline%_%instcombine%_%ipsccp%_%print_used_types%_%root%_%time_passes%_%;224.99;218.0251
inline%_%instcombine%_%iv_users%_%print_used_types%_%root%_%time_passes%_%;228.6467;217.5167
inline%_%instcombine%_%ipsccp%_%iv_users%_%print_used_types%_%root%_%time_passes%_%;227.1533;216.9749
inline%_%instcombine%_%root%_%simplifycfg%_%time_passes%_%;230.5367;218.5703
inline%_%instcombine%_%iv_users%_%root%_%simplifycfg%_%time_passes%_%;226.13;217.5167
inline%_%instcombine%_%print_used_types%_%root%_%simplifycfg%_%time_passes%_%;228.6533;218.4212
inline%_%instcombine%_%iv_users%_%print_used_types%_%root%_%simplifycfg%_%time_passes%_%;226.57;217.4592
inline%_%instcombine%_%ipsccp%_%root%_%simplifycfg%_%time_passes%_%;228.4667;218.0251
inline%_%instcombine%_%ipsccp%_%print_used_types%_%root%_%simplifycfg%_%time_passes%_%;229.07;217.9233
inline%_%instcombine%_%ipsccp%_%iv_users%_%root%_%simplifycfg%_%time_passes%_%;230.4667;216.9749
inline%_%instcombine%_%ipsccp%_%iv_users%_%print_used_types%_%root%_%simplifycfg%_%time_passes%_%;230.7933;216.9644
inline%_%instcombine%_%root%_%sccp%_%time_passes%_%;232.1167;218.5703
inline%_%instcombine%_%iv_users%_%root%_%sccp%_%time_passes%_%;226.8833;217.5167
inline%_%instcombine%_%ipsccp%_%iv_users%_%root%_%sccp%_%time_passes%_%;229.6433;216.9749
inline%_%instcombine%_%root%_%sccp%_%simplifycfg%_%time_passes%_%;231.39;218.4212
inline%_%instcombine%_%ipsccp%_%root%_%sccp%_%simplifycfg%_%time_passes%_%;228.2667;217.9233
inline%_%instcombine%_%iv_users%_%root%_%sccp%_%simplifycfg%_%time_passes%_%;231.2533;217.4592
inline%_%instcombine%_%ipsccp%_%iv_users%_%root%_%sccp%_%simplifycfg%_%time_passes%_%;230.7733;216.9644
inline%_%instcombine%_%print_used_types%_%root%_%sccp%_%time_passes%_%;232.76;218.4212
inline%_%instcombine%_%print_used_types%_%root%_%sccp%_%simplifycfg%_%time_passes%_%;229.1233;218.285
inline%_%instcombine%_%iv_users%_%print_used_types%_%root%_%sccp%_%simplifycfg%_%time_passes%_%;228.8567;217.4066
inline%_%instcombine%_%ipsccp%_%print_used_types%_%root%_%sccp%_%time_passes%_%;230.6867;217.9233
inline%_%instcombine%_%ipsccp%_%print_used_types%_%root%_%sccp%_%simplifycfg%_%time_passes%_%;230.9433;217.8304
inline%_%instcombine%_%ipsccp%_%iv_users%_%print_used_types%_%root%_%sccp%_%time_passes%_%;232.29;216.9644
inline%_%instcombine%_%ipsccp%_%iv_users%_%print_used_types%_%root%_%sccp%_%simplifycfg%_%time_passes%_%;232.5233;216.9548
instcombine%_%ipsccp%_%jump_threading%_%root%_%time_passes%_%;219.3967;217.6062
instcombine%_%ipsccp%_%iv_users%_%jump_threading%_%root%_%time_passes%_%;219.7467;216.4056
instcombine%_%jump_threading%_%print_used_types%_%root%_%time_passes%_%;221.7833;218.0861
instcombine%_%ipsccp%_%jump_threading%_%print_used_types%_%root%_%time_passes%_%;217.9;217.5408
ipsccp%_%iv_users%_%root%_%simplifycfg%_%time_passes%_%;203.53;215.1504
instcombine%_%ipsccp%_%iv_users%_%jump_threading%_%print_used_types%_%root%_%time_passes%_%;219.9133;216.4446
instcombine%_%jump_threading%_%print_used_types%_%root%_%sccp%_%time_passes%_%;221.0567;217.979
instcombine%_%iv_users%_%jump_threading%_%print_used_types%_%root%_%sccp%_%time_passes%_%;219.6267;216.9749
instcombine%_%ipsccp%_%jump_threading%_%root%_%sccp%_%time_passes%_%;221.6233;217.5408
instcombine%_%ipsccp%_%jump_threading%_%print_used_types%_%root%_%sccp%_%time_passes%_%;221.4433;217.4812
instcombine%_%ipsccp%_%iv_users%_%jump_threading%_%root%_%sccp%_%time_passes%_%;222.3667;216.4446
instcombine%_%ipsccp%_%iv_users%_%jump_threading%_%print_used_types%_%root%_%sccp%_%time_passes%_%;223.42;216.4801
inline%_%instcombine%_%jump_threading%_%root%_%time_passes%_%;224.3267;218.7726
inline%_%instcombine%_%iv_users%_%jump_threading%_%root%_%time_passes%_%;225.34;217.5672
inline%_%instcombine%_%ipsccp%_%jump_threading%_%root%_%time_passes%_%;227.75;218.1769
inline%_%instcombine%_%ipsccp%_%iv_users%_%jump_threading%_%root%_%time_passes%_%;228.2567;216.9749
inline%_%instcombine%_%jump_threading%_%root%_%sccp%_%time_passes%_%;230.08;218.6059
inline%_%instcombine%_%ipsccp%_%jump_threading%_%root%_%sccp%_%time_passes%_%;227.7333;218.062
inline%_%instcombine%_%iv_users%_%jump_threading%_%root%_%sccp%_%time_passes%_%;230.5733;217.5052
inline%_%instcombine%_%ipsccp%_%iv_users%_%jump_threading%_%root%_%sccp%_%time_passes%_%;230.14;216.9644
inline%_%instcombine%_%jump_threading%_%print_used_types%_%root%_%time_passes%_%;232.1433;218.6059
inline%_%instcombine%_%iv_users%_%jump_threading%_%print_used_types%_%root%_%time_passes%_%;225.7967;217.5052
inline%_%instcombine%_%jump_threading%_%print_used_types%_%root%_%sccp%_%time_passes%_%;227.53;218.4537
ipsccp%_%root%_%sccp%_%simplifycfg%_%time_passes%_%;202.0633;216.2375
inline%_%instcombine%_%iv_users%_%jump_threading%_%print_used_types%_%root%_%sccp%_%time_passes%_%;227.99;217.4487
inline%_%instcombine%_%ipsccp%_%jump_threading%_%print_used_types%_%root%_%time_passes%_%;229.9467;218.062
inline%_%instcombine%_%ipsccp%_%jump_threading%_%print_used_types%_%root%_%sccp%_%time_passes%_%;229.56;217.957
inline%_%instcombine%_%ipsccp%_%iv_users%_%jump_threading%_%print_used_types%_%root%_%time_passes%_%;231.6867;216.9644
inline%_%instcombine%_%ipsccp%_%iv_users%_%jump_threading%_%print_used_types%_%root%_%sccp%_%time_passes%_%;231.2067;216.9548
instcombine%_%ipsccp%_%jump_threading%_%root%_%simplifycfg%_%time_passes%_%;220.37;217.5408
instcombine%_%ipsccp%_%iv_users%_%jump_threading%_%root%_%simplifycfg%_%time_passes%_%;220.8033;216.4446
instcombine%_%jump_threading%_%print_used_types%_%root%_%simplifycfg%_%time_passes%_%;222.8967;217.979
instcombine%_%iv_users%_%jump_threading%_%print_used_types%_%root%_%simplifycfg%_%time_passes%_%;221.86;216.9749
instcombine%_%ipsccp%_%iv_users%_%jump_threading%_%print_used_types%_%root%_%simplifycfg%_%time_passes%_%;220.9767;216.4801
inline%_%instcombine%_%jump_threading%_%root%_%simplifycfg%_%time_passes%_%;223.7733;218.6059
inline%_%instcombine%_%iv_users%_%jump_threading%_%root%_%simplifycfg%_%time_passes%_%;226.7467;217.5052
inline%_%instcombine%_%jump_threading%_%print_used_types%_%root%_%simplifycfg%_%time_passes%_%;229.2967;218.4537
inline%_%instcombine%_%iv_users%_%jump_threading%_%print_used_types%_%root%_%simplifycfg%_%time_passes%_%;227.2867;217.4487
inline%_%instcombine%_%ipsccp%_%jump_threading%_%root%_%simplifycfg%_%time_passes%_%;228.9733;218.062
inline%_%instcombine%_%ipsccp%_%iv_users%_%jump_threading%_%root%_%simplifycfg%_%time_passes%_%;230.8233;216.9644
ipsccp%_%iv_users%_%root%_%sccp%_%simplifycfg%_%time_passes%_%;203.9767;215.2985
inline%_%instcombine%_%ipsccp%_%iv_users%_%jump_threading%_%print_used_types%_%root%_%simplifycfg%_%time_passes%_%;231.1967;216.9548
instcombine%_%ipsccp%_%jump_threading%_%root%_%sccp%_%simplifycfg%_%time_passes%_%;222.1633;217.4812
instcombine%_%ipsccp%_%iv_users%_%jump_threading%_%root%_%sccp%_%simplifycfg%_%time_passes%_%;222.5567;216.4801
inline%_%instcombine%_%ipsccp%_%jump_threading%_%root%_%sccp%_%simplifycfg%_%time_passes%_%;229.2067;217.957
inline%_%instcombine%_%ipsccp%_%iv_users%_%jump_threading%_%root%_%sccp%_%simplifycfg%_%time_passes%_%;231.3267;216.9548
instcombine%_%jump_threading%_%print_used_types%_%root%_%sccp%_%simplifycfg%_%time_passes%_%;233.2767;217.8813
instcombine%_%iv_users%_%jump_threading%_%print_used_types%_%root%_%sccp%_%simplifycfg%_%time_passes%_%;220.82;216.9644
inline%_%instcombine%_%jump_threading%_%print_used_types%_%root%_%sccp%_%simplifycfg%_%time_passes%_%;222.6267;218.3147
inline%_%instcombine%_%iv_users%_%jump_threading%_%print_used_types%_%root%_%sccp%_%simplifycfg%_%time_passes%_%;229.5533;217.397
instcombine%_%ipsccp%_%jump_threading%_%print_used_types%_%root%_%sccp%_%simplifycfg%_%time_passes%_%;231.16;217.4267
inline%_%instcombine%_%ipsccp%_%jump_threading%_%print_used_types%_%root%_%sccp%_%simplifycfg%_%time_passes%_%;223.52;217.8612
instcombine%_%ipsccp%_%iv_users%_%jump_threading%_%print_used_types%_%root%_%sccp%_%simplifycfg%_%time_passes%_%;232.96;216.5126
inline%_%instcombine%_%ipsccp%_%iv_users%_%jump_threading%_%print_used_types%_%root%_%sccp%_%simplifycfg%_%time_passes%_%;225.1567;216.9461
iv_users%_%print_used_types%_%root%_%simplifycfg%_%time_passes%_%;201.47;215.7733
gvn%_%iv_users%_%print_used_types%_%root%_%time_passes%_%;224.7333;215.7733
gvn%_%ipsccp%_%iv_users%_%print_used_types%_%root%_%time_passes%_%;225.62;215.2985
gvn%_%print_used_types%_%root%_%sccp%_%time_passes%_%;226.5033;216.7218
gvn%_%iv_users%_%print_used_types%_%root%_%sccp%_%time_passes%_%;223.4933;215.8673
gvn%_%ipsccp%_%root%_%sccp%_%time_passes%_%;227.78;216.2375
gvn%_%ipsccp%_%print_used_types%_%root%_%sccp%_%time_passes%_%;225.5033;216.2911
gvn%_%ipsccp%_%iv_users%_%root%_%sccp%_%time_passes%_%;226.5667;215.2985
gvn%_%ipsccp%_%iv_users%_%print_used_types%_%root%_%sccp%_%time_passes%_%;229.79;215.4337
gvn%_%ipsccp%_%root%_%simplifycfg%_%time_passes%_%;227.3933;216.2375
gvn%_%ipsccp%_%iv_users%_%root%_%simplifycfg%_%time_passes%_%;225.4133;215.2985
gvn%_%ipsccp%_%root%_%sccp%_%simplifycfg%_%time_passes%_%;224.3367;216.2911
iv_users%_%print_used_types%_%root%_%sccp%_%simplifycfg%_%time_passes%_%;203.19;215.8673
gvn%_%ipsccp%_%iv_users%_%root%_%sccp%_%simplifycfg%_%time_passes%_%;229.2433;215.4337
gvn%_%print_used_types%_%root%_%simplifycfg%_%time_passes%_%;231.3367;216.7218
gvn%_%iv_users%_%print_used_types%_%root%_%simplifycfg%_%time_passes%_%;223.2133;215.8673
gvn%_%print_used_types%_%root%_%sccp%_%simplifycfg%_%time_passes%_%;227.4433;216.7333
gvn%_%iv_users%_%print_used_types%_%root%_%sccp%_%simplifycfg%_%time_passes%_%;225.26;215.953
gvn%_%ipsccp%_%print_used_types%_%root%_%simplifycfg%_%time_passes%_%;229.3133;216.2911
gvn%_%ipsccp%_%print_used_types%_%root%_%sccp%_%simplifycfg%_%time_passes%_%;226.58;216.34
gvn%_%ipsccp%_%iv_users%_%print_used_types%_%root%_%simplifycfg%_%time_passes%_%;228.3367;215.4337
gvn%_%ipsccp%_%iv_users%_%print_used_types%_%root%_%sccp%_%simplifycfg%_%time_passes%_%;230.6533;215.5571
ipsccp%_%print_used_types%_%root%_%simplifycfg%_%time_passes%_%;204.9633;216.2375
gvn%_%ipsccp%_%jump_threading%_%root%_%time_passes%_%;226.7;216.1914
gvn%_%ipsccp%_%iv_users%_%jump_threading%_%root%_%time_passes%_%;224.5267;215.1138
gvn%_%jump_threading%_%print_used_types%_%root%_%time_passes%_%;228.9367;216.7218
gvn%_%ipsccp%_%jump_threading%_%print_used_types%_%root%_%time_passes%_%;222.5567;216.249
gvn%_%iv_users%_%jump_threading%_%print_used_types%_%root%_%time_passes%_%;225.6867;215.7407
gvn%_%ipsccp%_%iv_users%_%jump_threading%_%print_used_types%_%root%_%time_passes%_%;226.65;215.265
gvn%_%jump_threading%_%print_used_types%_%root%_%simplifycfg%_%time_passes%_%;227.94;216.7333
ipsccp%_%print_used_types%_%root%_%sccp%_%simplifycfg%_%time_passes%_%;204.73;216.2911
gvn%_%iv_users%_%jump_threading%_%print_used_types%_%root%_%simplifycfg%_%time_passes%_%;223.9767;215.8374
gvn%_%ipsccp%_%jump_threading%_%root%_%simplifycfg%_%time_passes%_%;227.9067;216.249
gvn%_%ipsccp%_%jump_threading%_%print_used_types%_%root%_%simplifycfg%_%time_passes%_%;226.0867;216.3016
gvn%_%ipsccp%_%iv_users%_%jump_threading%_%root%_%simplifycfg%_%time_passes%_%;227.0267;215.265
gvn%_%ipsccp%_%iv_users%_%jump_threading%_%print_used_types%_%root%_%simplifycfg%_%time_passes%_%;230.3133;215.4031
gvn%_%ipsccp%_%jump_threading%_%root%_%sccp%_%time_passes%_%;228.2833;216.249
ipsccp%_%iv_users%_%print_used_types%_%root%_%simplifycfg%_%time_passes%_%;206.4267;215.2985
gvn%_%ipsccp%_%jump_threading%_%root%_%sccp%_%simplifycfg%_%time_passes%_%;224.8767;216.3016
gvn%_%ipsccp%_%iv_users%_%jump_threading%_%root%_%sccp%_%simplifycfg%_%time_passes%_%;229.8167;215.4031
gvn%_%jump_threading%_%print_used_types%_%root%_%sccp%_%time_passes%_%;231.7967;216.7333
gvn%_%jump_threading%_%print_used_types%_%root%_%sccp%_%simplifycfg%_%time_passes%_%;228.5633;216.7438
gvn%_%iv_users%_%jump_threading%_%print_used_types%_%root%_%sccp%_%simplifycfg%_%time_passes%_%;225.7733;215.9258
gvn%_%ipsccp%_%jump_threading%_%print_used_types%_%root%_%sccp%_%time_passes%_%;230.1333;216.3016
gvn%_%ipsccp%_%jump_threading%_%print_used_types%_%root%_%sccp%_%simplifycfg%_%time_passes%_%;227.12;216.3496
ipsccp%_%iv_users%_%print_used_types%_%root%_%sccp%_%simplifycfg%_%time_passes%_%;206.35;215.4337
gvn%_%ipsccp%_%iv_users%_%jump_threading%_%print_used_types%_%root%_%sccp%_%simplifycfg%_%time_passes%_%;231.3133;215.5292
gvn%_%instcombine%_%ipsccp%_%root%_%time_passes%_%;240.1633;217.5052
gvn%_%instcombine%_%ipsccp%_%iv_users%_%root%_%time_passes%_%;238.7833;216.4561
gvn%_%instcombine%_%ipsccp%_%print_used_types%_%root%_%time_passes%_%;236.8867;217.4487
gvn%_%instcombine%_%iv_users%_%print_used_types%_%root%_%time_passes%_%;239.6567;216.9864
gvn%_%instcombine%_%ipsccp%_%iv_users%_%print_used_types%_%root%_%time_passes%_%;241.7;216.4906
gvn%_%instcombine%_%print_used_types%_%root%_%sccp%_%time_passes%_%;242.7867;217.8524
gvn%_%instcombine%_%iv_users%_%print_used_types%_%root%_%sccp%_%time_passes%_%;239.2733;216.9749
gvn%_%instcombine%_%ipsccp%_%root%_%sccp%_%time_passes%_%;243.3667;217.4487
gvn%_%instcombine%_%ipsccp%_%iv_users%_%root%_%sccp%_%time_passes%_%;241.97;216.4906
gvn%_%instcombine%_%ipsccp%_%iv_users%_%print_used_types%_%root%_%sccp%_%time_passes%_%;245.1567;216.5222
gvn%_%instcombine%_%ipsccp%_%jump_threading%_%root%_%time_passes%_%;242.8067;217.5408
gvn%_%instcombine%_%ipsccp%_%iv_users%_%jump_threading%_%root%_%time_passes%_%;240.22;216.4446
gvn%_%instcombine%_%ipsccp%_%jump_threading%_%root%_%sccp%_%time_passes%_%;239.9267;217.4812
gvn%_%instcombine%_%ipsccp%_%iv_users%_%jump_threading%_%root%_%sccp%_%time_passes%_%;244.5933;216.4801
gvn%_%instcombine%_%jump_threading%_%print_used_types%_%root%_%time_passes%_%;246.0267;217.979
gvn%_%instcombine%_%iv_users%_%jump_threading%_%print_used_types%_%root%_%time_passes%_%;238.7033;216.9749
gvn%_%instcombine%_%jump_threading%_%print_used_types%_%root%_%sccp%_%time_passes%_%;242.56;217.8813
gvn%_%instcombine%_%iv_users%_%jump_threading%_%print_used_types%_%root%_%sccp%_%time_passes%_%;240.4067;216.9644
gvn%_%instcombine%_%ipsccp%_%jump_threading%_%print_used_types%_%root%_%time_passes%_%;244.26;217.4812
gvn%_%instcombine%_%ipsccp%_%jump_threading%_%print_used_types%_%root%_%sccp%_%time_passes%_%;241.3267;217.4267
gvn%_%instcombine%_%ipsccp%_%iv_users%_%jump_threading%_%print_used_types%_%root%_%time_passes%_%;242.8567;216.4801
gvn%_%instcombine%_%ipsccp%_%iv_users%_%jump_threading%_%print_used_types%_%root%_%sccp%_%time_passes%_%;245.22;216.5126
gvn%_%instcombine%_%ipsccp%_%root%_%simplifycfg%_%time_passes%_%;243.5233;217.4487
gvn%_%instcombine%_%ipsccp%_%iv_users%_%root%_%simplifycfg%_%time_passes%_%;240.9833;216.4906
gvn%_%instcombine%_%print_used_types%_%root%_%simplifycfg%_%time_passes%_%;244.73;217.8524
gvn%_%instcombine%_%ipsccp%_%print_used_types%_%root%_%simplifycfg%_%time_passes%_%;239.3667;217.397
gvn%_%instcombine%_%iv_users%_%print_used_types%_%root%_%simplifycfg%_%time_passes%_%;241.7033;216.9749
ipsccp%_%iv_users%_%jump_threading%_%root%_%time_passes%_%;202.9333;214.9481
gvn%_%instcombine%_%ipsccp%_%iv_users%_%print_used_types%_%root%_%simplifycfg%_%time_passes%_%;243.1233;216.5222
gvn%_%instcombine%_%jump_threading%_%print_used_types%_%root%_%simplifycfg%_%time_passes%_%;244.2833;217.8813
gvn%_%instcombine%_%iv_users%_%jump_threading%_%print_used_types%_%root%_%simplifycfg%_%time_passes%_%;240.21;216.9644
gvn%_%instcombine%_%ipsccp%_%jump_threading%_%print_used_types%_%root%_%simplifycfg%_%time_passes%_%;241.8267;217.4267
gvn%_%instcombine%_%ipsccp%_%iv_users%_%jump_threading%_%root%_%simplifycfg%_%time_passes%_%;242.7367;216.4801
gvn%_%instcombine%_%ipsccp%_%iv_users%_%jump_threading%_%print_used_types%_%root%_%simplifycfg%_%time_passes%_%;245.7;216.5126
gvn%_%instcombine%_%ipsccp%_%root%_%sccp%_%simplifycfg%_%time_passes%_%;245.1967;217.397
gvn%_%instcombine%_%ipsccp%_%iv_users%_%root%_%sccp%_%simplifycfg%_%time_passes%_%;242.4267;216.5222
gvn%_%instcombine%_%ipsccp%_%jump_threading%_%root%_%sccp%_%simplifycfg%_%time_passes%_%;241.2333;217.4267
gvn%_%instcombine%_%ipsccp%_%iv_users%_%jump_threading%_%root%_%sccp%_%simplifycfg%_%time_passes%_%;246.16;216.5126
gvn%_%instcombine%_%print_used_types%_%root%_%sccp%_%simplifycfg%_%time_passes%_%;247.2767;217.7657
gvn%_%instcombine%_%iv_users%_%print_used_types%_%root%_%sccp%_%simplifycfg%_%time_passes%_%;240.9833;216.9644
gvn%_%instcombine%_%jump_threading%_%print_used_types%_%root%_%sccp%_%simplifycfg%_%time_passes%_%;244.6067;217.792
ipsccp%_%jump_threading%_%print_used_types%_%root%_%time_passes%_%;200.82;216.1914
gvn%_%instcombine%_%iv_users%_%jump_threading%_%print_used_types%_%root%_%sccp%_%simplifycfg%_%time_passes%_%;241.78;216.9548
gvn%_%instcombine%_%ipsccp%_%print_used_types%_%root%_%sccp%_%simplifycfg%_%time_passes%_%;245.5967;217.3498
gvn%_%instcombine%_%ipsccp%_%jump_threading%_%print_used_types%_%root%_%sccp%_%simplifycfg%_%time_passes%_%;243.4433;217.3769
gvn%_%instcombine%_%ipsccp%_%iv_users%_%jump_threading%_%print_used_types%_%root%_%sccp%_%simplifycfg%_%time_passes%_%;247.1667;216.5423
gvn%_%inline%_%iv_users%_%root%_%time_passes%_%;230.1667;216.2155
gvn%_%inline%_%ipsccp%_%root%_%time_passes%_%;236.2433;216.7218
gvn%_%inline%_%ipsccp%_%iv_users%_%root%_%time_passes%_%;233.6667;215.6946
gvn%_%inline%_%print_used_types%_%root%_%time_passes%_%;238.62;217.206
iv_users%_%jump_threading%_%print_used_types%_%root%_%time_passes%_%;204.05;215.6347
gvn%_%inline%_%ipsccp%_%print_used_types%_%root%_%time_passes%_%;231.0367;216.7333
gvn%_%inline%_%iv_users%_%print_used_types%_%root%_%time_passes%_%;235.1733;216.271
gvn%_%inline%_%ipsccp%_%iv_users%_%print_used_types%_%root%_%time_passes%_%;235.92;215.7953
gvn%_%inline%_%root%_%sccp%_%time_passes%_%;239.9767;217.206
gvn%_%inline%_%print_used_types%_%root%_%sccp%_%time_passes%_%;238.78;217.1754
gvn%_%inline%_%iv_users%_%print_used_types%_%root%_%sccp%_%time_passes%_%;233.4333;216.3217
gvn%_%inline%_%ipsccp%_%root%_%sccp%_%time_passes%_%;238.2533;216.7333
gvn%_%inline%_%ipsccp%_%print_used_types%_%root%_%sccp%_%time_passes%_%;235.97;216.7438
gvn%_%inline%_%ipsccp%_%iv_users%_%root%_%sccp%_%time_passes%_%;237.4433;215.7953
ipsccp%_%iv_users%_%jump_threading%_%print_used_types%_%root%_%time_passes%_%;202.69;215.1138
gvn%_%inline%_%root%_%simplifycfg%_%time_passes%_%;242.1567;217.206
gvn%_%inline%_%iv_users%_%root%_%simplifycfg%_%time_passes%_%;232.33;216.271
gvn%_%inline%_%ipsccp%_%iv_users%_%root%_%simplifycfg%_%time_passes%_%;235.3467;215.7953
gvn%_%inline%_%root%_%sccp%_%simplifycfg%_%time_passes%_%;240.2333;217.1754
gvn%_%inline%_%ipsccp%_%root%_%sccp%_%simplifycfg%_%time_passes%_%;234.6533;216.7438
gvn%_%inline%_%iv_users%_%root%_%sccp%_%simplifycfg%_%time_passes%_%;237.8667;216.3217
gvn%_%inline%_%print_used_types%_%root%_%simplifycfg%_%time_passes%_%;242.5467;217.1754
gvn%_%inline%_%iv_users%_%print_used_types%_%root%_%simplifycfg%_%time_passes%_%;232.9567;216.3217
gvn%_%inline%_%print_used_types%_%root%_%sccp%_%simplifycfg%_%time_passes%_%;237.69;217.1475
gvn%_%inline%_%iv_users%_%print_used_types%_%root%_%sccp%_%simplifycfg%_%time_passes%_%;235.5333;216.3679
gvn%_%inline%_%ipsccp%_%print_used_types%_%root%_%simplifycfg%_%time_passes%_%;240.05;216.7438
gvn%_%inline%_%ipsccp%_%print_used_types%_%root%_%sccp%_%simplifycfg%_%time_passes%_%;237.0367;216.7534
gvn%_%inline%_%ipsccp%_%iv_users%_%print_used_types%_%root%_%simplifycfg%_%time_passes%_%;239.32;215.8873
gvn%_%inline%_%ipsccp%_%iv_users%_%print_used_types%_%root%_%sccp%_%simplifycfg%_%time_passes%_%;241.57;215.9714
gvn%_%inline%_%instcombine%_%root%_%time_passes%_%;244.03;218.5703
gvn%_%inline%_%instcombine%_%iv_users%_%root%_%time_passes%_%;244.91;217.5167
gvn%_%inline%_%instcombine%_%ipsccp%_%root%_%time_passes%_%;251.58;218.0251
gvn%_%inline%_%instcombine%_%ipsccp%_%iv_users%_%root%_%time_passes%_%;247.5033;216.9749
gvn%_%inline%_%instcombine%_%print_used_types%_%root%_%time_passes%_%;253.0533;218.4212
gvn%_%inline%_%instcombine%_%ipsccp%_%print_used_types%_%root%_%time_passes%_%;245.3167;217.9233
gvn%_%inline%_%instcombine%_%iv_users%_%print_used_types%_%root%_%time_passes%_%;248.97;217.4592
gvn%_%inline%_%instcombine%_%ipsccp%_%iv_users%_%print_used_types%_%root%_%time_passes%_%;250.62;216.9644
gvn%_%inline%_%instcombine%_%root%_%simplifycfg%_%time_passes%_%;253.9633;218.4212
gvn%_%inline%_%instcombine%_%iv_users%_%root%_%simplifycfg%_%time_passes%_%;246.94;217.4592
gvn%_%inline%_%instcombine%_%print_used_types%_%root%_%simplifycfg%_%time_passes%_%;253.2567;218.285
gvn%_%inline%_%instcombine%_%iv_users%_%print_used_types%_%root%_%simplifycfg%_%time_passes%_%;247.2667;217.4066
gvn%_%inline%_%instcombine%_%ipsccp%_%root%_%simplifycfg%_%time_passes%_%;252.14;217.9233
jump_threading%_%print_used_types%_%root%_%simplifycfg%_%time_passes%_%;202.9367;216.7218
gvn%_%inline%_%instcombine%_%ipsccp%_%print_used_types%_%root%_%simplifycfg%_%time_passes%_%;249.5667;217.8304
gvn%_%inline%_%instcombine%_%ipsccp%_%iv_users%_%root%_%simplifycfg%_%time_passes%_%;250.68;216.9644
gvn%_%inline%_%instcombine%_%ipsccp%_%iv_users%_%print_used_types%_%root%_%simplifycfg%_%time_passes%_%;254.2567;216.9548
gvn%_%inline%_%instcombine%_%root%_%sccp%_%time_passes%_%;255.4733;218.4212
gvn%_%inline%_%instcombine%_%iv_users%_%root%_%sccp%_%time_passes%_%;247.0767;217.4592
gvn%_%inline%_%instcombine%_%ipsccp%_%root%_%sccp%_%time_passes%_%;253.6367;217.9233
gvn%_%inline%_%instcombine%_%ipsccp%_%iv_users%_%root%_%sccp%_%time_passes%_%;249.81;216.9644
gvn%_%inline%_%instcombine%_%root%_%sccp%_%simplifycfg%_%time_passes%_%;255.0233;218.285
gvn%_%inline%_%instcombine%_%iv_users%_%root%_%sccp%_%simplifycfg%_%time_passes%_%;251.5167;217.4066
gvn%_%inline%_%instcombine%_%print_used_types%_%root%_%sccp%_%time_passes%_%;256.4533;218.285
gvn%_%inline%_%instcombine%_%iv_users%_%print_used_types%_%root%_%sccp%_%time_passes%_%;247.7167;217.4066
gvn%_%inline%_%instcombine%_%print_used_types%_%root%_%sccp%_%simplifycfg%_%time_passes%_%;252.6833;218.1607
gvn%_%inline%_%instcombine%_%iv_users%_%print_used_types%_%root%_%sccp%_%simplifycfg%_%time_passes%_%;249.3433;217.3586
gvn%_%inline%_%instcombine%_%ipsccp%_%print_used_types%_%root%_%sccp%_%time_passes%_%;254.1433;217.8304
gvn%_%inline%_%instcombine%_%ipsccp%_%print_used_types%_%root%_%sccp%_%simplifycfg%_%time_passes%_%;251;217.7456
gvn%_%inline%_%instcombine%_%ipsccp%_%iv_users%_%print_used_types%_%root%_%sccp%_%time_passes%_%;252.58;216.9548
gvn%_%inline%_%instcombine%_%ipsccp%_%iv_users%_%print_used_types%_%root%_%sccp%_%simplifycfg%_%time_passes%_%;256.1833;216.9461
gvn%_%inline%_%jump_threading%_%root%_%time_passes%_%;257.5133;217.2521
ipsccp%_%jump_threading%_%root%_%simplifycfg%_%time_passes%_%;203.9333;216.1914
gvn%_%inline%_%iv_users%_%jump_threading%_%root%_%time_passes%_%;231.33;216.1788
gvn%_%inline%_%ipsccp%_%jump_threading%_%root%_%time_passes%_%;237.4967;216.7333
gvn%_%inline%_%jump_threading%_%print_used_types%_%root%_%time_passes%_%;239.5633;217.2175
gvn%_%inline%_%ipsccp%_%jump_threading%_%print_used_types%_%root%_%time_passes%_%;231.9133;216.7438
gvn%_%inline%_%iv_users%_%jump_threading%_%print_used_types%_%root%_%time_passes%_%;235.9733;216.2375
gvn%_%inline%_%ipsccp%_%iv_users%_%jump_threading%_%print_used_types%_%root%_%time_passes%_%;236.84;215.7607
gvn%_%inline%_%jump_threading%_%root%_%sccp%_%time_passes%_%;240.8267;217.2175
gvn%_%inline%_%iv_users%_%jump_threading%_%root%_%sccp%_%time_passes%_%;234.25;216.2375
gvn%_%inline%_%jump_threading%_%print_used_types%_%root%_%sccp%_%time_passes%_%;240.6233;217.1859
ipsccp%_%jump_threading%_%print_used_types%_%root%_%simplifycfg%_%time_passes%_%;204.2933;216.249
gvn%_%inline%_%iv_users%_%jump_threading%_%print_used_types%_%root%_%sccp%_%time_passes%_%;235.03;216.2911
gvn%_%inline%_%ipsccp%_%jump_threading%_%root%_%sccp%_%time_passes%_%;239.79;216.7438
gvn%_%inline%_%ipsccp%_%jump_threading%_%print_used_types%_%root%_%sccp%_%time_passes%_%;237.5233;216.7534
gvn%_%inline%_%ipsccp%_%iv_users%_%jump_threading%_%print_used_types%_%root%_%sccp%_%time_passes%_%;242.5;215.8558
gvn%_%inline%_%instcombine%_%iv_users%_%jump_threading%_%root%_%time_passes%_%;246.7333;217.5052
gvn%_%inline%_%instcombine%_%ipsccp%_%jump_threading%_%root%_%time_passes%_%;253.1533;218.062
gvn%_%inline%_%instcombine%_%ipsccp%_%iv_users%_%jump_threading%_%root%_%time_passes%_%;249.3867;216.9644
gvn%_%inline%_%instcombine%_%jump_threading%_%root%_%sccp%_%time_passes%_%;254.3367;218.4537
ipsccp%_%iv_users%_%jump_threading%_%root%_%simplifycfg%_%time_passes%_%;205.47;215.1138
gvn%_%inline%_%instcombine%_%ipsccp%_%jump_threading%_%root%_%sccp%_%time_passes%_%;248.8933;217.957
gvn%_%inline%_%instcombine%_%iv_users%_%jump_threading%_%root%_%sccp%_%time_passes%_%;251.41;217.4487
gvn%_%inline%_%instcombine%_%jump_threading%_%print_used_types%_%root%_%time_passes%_%;256.4733;218.4537
gvn%_%inline%_%instcombine%_%iv_users%_%jump_threading%_%print_used_types%_%root%_%time_passes%_%;247.08;217.4487
gvn%_%inline%_%instcombine%_%jump_threading%_%print_used_types%_%root%_%sccp%_%time_passes%_%;252.06;218.3147
gvn%_%inline%_%instcombine%_%iv_users%_%jump_threading%_%print_used_types%_%root%_%sccp%_%time_passes%_%;249.28;217.397
gvn%_%inline%_%instcombine%_%ipsccp%_%jump_threading%_%print_used_types%_%root%_%time_passes%_%;254.13;217.957
gvn%_%inline%_%instcombine%_%ipsccp%_%jump_threading%_%print_used_types%_%root%_%sccp%_%time_passes%_%;250.4933;217.8612
gvn%_%inline%_%instcombine%_%ipsccp%_%iv_users%_%jump_threading%_%print_used_types%_%root%_%time_passes%_%;252.5133;216.9548
ipsccp%_%iv_users%_%jump_threading%_%print_used_types%_%root%_%simplifycfg%_%time_passes%_%;206.2267;215.265
gvn%_%inline%_%instcombine%_%ipsccp%_%iv_users%_%jump_threading%_%print_used_types%_%root%_%sccp%_%time_passes%_%;255.3633;216.9461
gvn%_%inline%_%jump_threading%_%root%_%simplifycfg%_%time_passes%_%;257.54;217.2175
gvn%_%inline%_%ipsccp%_%iv_users%_%jump_threading%_%root%_%simplifycfg%_%time_passes%_%;236.95;215.7607
gvn%_%inline%_%ipsccp%_%jump_threading%_%print_used_types%_%root%_%simplifycfg%_%time_passes%_%;234.3367;216.7534
gvn%_%inline%_%iv_users%_%jump_threading%_%print_used_types%_%root%_%simplifycfg%_%time_passes%_%;238.46;216.2911
gvn%_%inline%_%ipsccp%_%iv_users%_%jump_threading%_%print_used_types%_%root%_%simplifycfg%_%time_passes%_%;239.2433;215.8558
gvn%_%inline%_%instcombine%_%jump_threading%_%root%_%simplifycfg%_%time_passes%_%;243.2833;218.4537
gvn%_%inline%_%instcombine%_%iv_users%_%jump_threading%_%root%_%simplifycfg%_%time_passes%_%;248.5367;217.4487
gvn%_%inline%_%instcombine%_%jump_threading%_%print_used_types%_%root%_%simplifycfg%_%time_passes%_%;254.89;218.3147
gvn%_%inline%_%instcombine%_%iv_users%_%jump_threading%_%print_used_types%_%root%_%simplifycfg%_%time_passes%_%;248.81;217.397
gvn%_%inline%_%instcombine%_%ipsccp%_%jump_threading%_%root%_%simplifycfg%_%time_passes%_%;253.6533;217.957
gvn%_%inline%_%instcombine%_%ipsccp%_%jump_threading%_%print_used_types%_%root%_%simplifycfg%_%time_passes%_%;251.0133;217.8612
gvn%_%inline%_%instcombine%_%ipsccp%_%iv_users%_%jump_threading%_%root%_%simplifycfg%_%time_passes%_%;252.14;216.9548
gvn%_%inline%_%instcombine%_%ipsccp%_%iv_users%_%jump_threading%_%print_used_types%_%root%_%simplifycfg%_%time_passes%_%;255.8733;216.9461
gvn%_%inline%_%jump_threading%_%root%_%sccp%_%simplifycfg%_%time_passes%_%;256.97;217.1859
gvn%_%inline%_%iv_users%_%jump_threading%_%root%_%sccp%_%simplifycfg%_%time_passes%_%;236.2267;216.2911
gvn%_%inline%_%ipsccp%_%jump_threading%_%root%_%sccp%_%simplifycfg%_%time_passes%_%;242.4567;216.7534
gvn%_%inline%_%ipsccp%_%iv_users%_%jump_threading%_%root%_%sccp%_%simplifycfg%_%time_passes%_%;239.51;215.8558
gvn%_%inline%_%instcombine%_%jump_threading%_%root%_%sccp%_%simplifycfg%_%time_passes%_%;244.2533;218.3147
gvn%_%inline%_%instcombine%_%ipsccp%_%jump_threading%_%root%_%sccp%_%simplifycfg%_%time_passes%_%;250.7267;217.8612
gvn%_%inline%_%instcombine%_%iv_users%_%jump_threading%_%root%_%sccp%_%simplifycfg%_%time_passes%_%;253.1;217.397
gvn%_%inline%_%instcombine%_%ipsccp%_%iv_users%_%jump_threading%_%root%_%sccp%_%simplifycfg%_%time_passes%_%;257.17;216.9461
gvn%_%inline%_%jump_threading%_%print_used_types%_%root%_%sccp%_%simplifycfg%_%time_passes%_%;258.05;217.1571
gvn%_%inline%_%iv_users%_%jump_threading%_%print_used_types%_%root%_%sccp%_%simplifycfg%_%time_passes%_%;236.8933;216.34
gvn%_%inline%_%instcombine%_%jump_threading%_%print_used_types%_%root%_%sccp%_%simplifycfg%_%time_passes%_%;241.6933;218.1878
gvn%_%inline%_%instcombine%_%iv_users%_%jump_threading%_%print_used_types%_%root%_%sccp%_%simplifycfg%_%time_passes%_%;250.8633;217.3498
gvn%_%inline%_%ipsccp%_%jump_threading%_%print_used_types%_%root%_%sccp%_%simplifycfg%_%time_passes%_%;255.6233;216.7621
ipsccp%_%jump_threading%_%root%_%sccp%_%time_passes%_%;203.56;216.1914
gvn%_%inline%_%instcombine%_%ipsccp%_%jump_threading%_%print_used_types%_%root%_%sccp%_%simplifycfg%_%time_passes%_%;240.5433;217.7737
gvn%_%inline%_%ipsccp%_%iv_users%_%jump_threading%_%print_used_types%_%root%_%sccp%_%simplifycfg%_%time_passes%_%;254.2433;215.9425
gvn%_%inline%_%instcombine%_%ipsccp%_%iv_users%_%jump_threading%_%print_used_types%_%root%_%sccp%_%simplifycfg%_%time_passes%_%;245.3433;216.9381
ipsccp%_%licm%_%print_used_types%_%root%_%time_passes%_%;213.5333;216.1788
ipsccp%_%iv_users%_%jump_threading%_%root%_%sccp%_%time_passes%_%;205.0867;215.1138
licm%_%print_used_types%_%root%_%sccp%_%time_passes%_%;215.13;216.7092
iv_users%_%licm%_%print_used_types%_%root%_%sccp%_%time_passes%_%;215.2933;215.7733
ipsccp%_%licm%_%print_used_types%_%root%_%sccp%_%time_passes%_%;217.55;216.2375
ipsccp%_%iv_users%_%licm%_%root%_%sccp%_%time_passes%_%;218.4333;215.1504
ipsccp%_%iv_users%_%licm%_%print_used_types%_%root%_%sccp%_%time_passes%_%;218.4033;215.2985
ipsccp%_%licm%_%root%_%simplifycfg%_%time_passes%_%;214.2833;216.1788
ipsccp%_%iv_users%_%licm%_%root%_%simplifycfg%_%time_passes%_%;216.7167;215.1504
ipsccp%_%licm%_%root%_%sccp%_%simplifycfg%_%time_passes%_%;215.19;216.2375
ipsccp%_%iv_users%_%licm%_%root%_%sccp%_%simplifycfg%_%time_passes%_%;216.23;215.2985
licm%_%print_used_types%_%root%_%simplifycfg%_%time_passes%_%;219.3067;216.7092
iv_users%_%licm%_%print_used_types%_%root%_%simplifycfg%_%time_passes%_%;214.6533;215.7733
licm%_%print_used_types%_%root%_%sccp%_%simplifycfg%_%time_passes%_%;215.4833;216.7218
ipsccp%_%jump_threading%_%root%_%sccp%_%simplifycfg%_%time_passes%_%;202.81;216.249
iv_users%_%licm%_%print_used_types%_%root%_%sccp%_%simplifycfg%_%time_passes%_%;216.27;215.8673
ipsccp%_%licm%_%print_used_types%_%root%_%simplifycfg%_%time_passes%_%;217.0733;216.2375
ipsccp%_%licm%_%print_used_types%_%root%_%sccp%_%simplifycfg%_%time_passes%_%;217.6533;216.2911
ipsccp%_%iv_users%_%licm%_%print_used_types%_%root%_%simplifycfg%_%time_passes%_%;219.37;215.2985
ipsccp%_%iv_users%_%licm%_%print_used_types%_%root%_%sccp%_%simplifycfg%_%time_passes%_%;218.5867;215.4337
ipsccp%_%jump_threading%_%licm%_%root%_%time_passes%_%;213.86;216.1284
ipsccp%_%iv_users%_%jump_threading%_%licm%_%root%_%time_passes%_%;215.9933;214.9481
jump_threading%_%licm%_%print_used_types%_%root%_%time_passes%_%;217.0633;216.7092
ipsccp%_%jump_threading%_%licm%_%print_used_types%_%root%_%time_passes%_%;213.9967;216.1914
iv_users%_%jump_threading%_%licm%_%print_used_types%_%root%_%time_passes%_%;217.1867;215.6347
ipsccp%_%iv_users%_%jump_threading%_%licm%_%print_used_types%_%root%_%time_passes%_%;215.0267;215.1138
jump_threading%_%licm%_%print_used_types%_%root%_%simplifycfg%_%time_passes%_%;215.02;216.7218
iv_users%_%jump_threading%_%licm%_%print_used_types%_%root%_%simplifycfg%_%time_passes%_%;215.1833;215.7407
ipsccp%_%jump_threading%_%licm%_%root%_%simplifycfg%_%time_passes%_%;216.2967;216.1914
ipsccp%_%jump_threading%_%licm%_%print_used_types%_%root%_%simplifycfg%_%time_passes%_%;217.4033;216.249
ipsccp%_%iv_users%_%jump_threading%_%licm%_%root%_%simplifycfg%_%time_passes%_%;218.4;215.1138
ipsccp%_%iv_users%_%jump_threading%_%root%_%sccp%_%simplifycfg%_%time_passes%_%;204.96;215.265
ipsccp%_%iv_users%_%jump_threading%_%licm%_%print_used_types%_%root%_%simplifycfg%_%time_passes%_%;218.5033;215.265
ipsccp%_%jump_threading%_%licm%_%root%_%sccp%_%time_passes%_%;215.8533;216.1914
ipsccp%_%iv_users%_%jump_threading%_%licm%_%root%_%sccp%_%time_passes%_%;218.02;215.1138
ipsccp%_%jump_threading%_%licm%_%root%_%sccp%_%simplifycfg%_%time_passes%_%;216.0633;216.249
ipsccp%_%iv_users%_%jump_threading%_%licm%_%root%_%sccp%_%simplifycfg%_%time_passes%_%;216.8733;215.265
jump_threading%_%licm%_%print_used_types%_%root%_%sccp%_%time_passes%_%;219.8267;216.7218
jump_threading%_%print_used_types%_%root%_%sccp%_%time_passes%_%;207.89;216.7218
iv_users%_%jump_threading%_%licm%_%print_used_types%_%root%_%sccp%_%time_passes%_%;215.9567;215.7407
jump_threading%_%licm%_%print_used_types%_%root%_%sccp%_%simplifycfg%_%time_passes%_%;216.9133;216.7333
iv_users%_%jump_threading%_%licm%_%print_used_types%_%root%_%sccp%_%simplifycfg%_%time_passes%_%;216.9067;215.8374
ipsccp%_%jump_threading%_%licm%_%print_used_types%_%root%_%sccp%_%time_passes%_%;218.0367;216.249
ipsccp%_%jump_threading%_%licm%_%print_used_types%_%root%_%sccp%_%simplifycfg%_%time_passes%_%;219.05;216.3016
ipsccp%_%iv_users%_%jump_threading%_%licm%_%print_used_types%_%root%_%sccp%_%time_passes%_%;219.8733;215.265
ipsccp%_%iv_users%_%jump_threading%_%licm%_%print_used_types%_%root%_%sccp%_%simplifycfg%_%time_passes%_%;219.9467;215.4031
inline%_%ipsccp%_%licm%_%root%_%time_passes%_%;243.7933;216.7092
iv_users%_%jump_threading%_%print_used_types%_%root%_%sccp%_%time_passes%_%;202.68;215.7407
inline%_%ipsccp%_%iv_users%_%licm%_%root%_%time_passes%_%;246.1267;215.5842
inline%_%ipsccp%_%licm%_%print_used_types%_%root%_%time_passes%_%;243.0833;216.7218
inline%_%iv_users%_%licm%_%print_used_types%_%root%_%time_passes%_%;247.37;216.2155
inline%_%ipsccp%_%iv_users%_%licm%_%print_used_types%_%root%_%time_passes%_%;244.12;215.6946
inline%_%licm%_%root%_%sccp%_%time_passes%_%;248.1967;217.2395
inline%_%iv_users%_%licm%_%root%_%sccp%_%time_passes%_%;256.94;216.2155
inline%_%licm%_%print_used_types%_%root%_%sccp%_%time_passes%_%;259.3933;217.206
inline%_%iv_users%_%licm%_%print_used_types%_%root%_%sccp%_%time_passes%_%;261.0133;216.271
inline%_%ipsccp%_%licm%_%root%_%sccp%_%time_passes%_%;260.88;216.7218
jump_threading%_%print_used_types%_%root%_%sccp%_%simplifycfg%_%time_passes%_%;204.5133;216.7333
inline%_%ipsccp%_%licm%_%print_used_types%_%root%_%sccp%_%time_passes%_%;264.18;216.7333
inline%_%ipsccp%_%iv_users%_%licm%_%root%_%sccp%_%time_passes%_%;265.38;215.6946
inline%_%ipsccp%_%iv_users%_%licm%_%print_used_types%_%root%_%sccp%_%time_passes%_%;264.64;215.7953
inline%_%jump_threading%_%licm%_%root%_%time_passes%_%;266.3233;217.29
inline%_%iv_users%_%jump_threading%_%licm%_%root%_%time_passes%_%;255.4367;216.1146
inline%_%ipsccp%_%jump_threading%_%licm%_%root%_%time_passes%_%;257.17;216.7218
inline%_%ipsccp%_%iv_users%_%jump_threading%_%licm%_%root%_%time_passes%_%;261.8367;215.5427
inline%_%ipsccp%_%jump_threading%_%licm%_%root%_%sccp%_%time_passes%_%;257.7133;216.7333
inline%_%iv_users%_%jump_threading%_%licm%_%root%_%sccp%_%time_passes%_%;264.18;216.1788
iv_users%_%jump_threading%_%print_used_types%_%root%_%sccp%_%simplifycfg%_%time_passes%_%;203.8567;215.8374
inline%_%ipsccp%_%iv_users%_%jump_threading%_%licm%_%root%_%sccp%_%time_passes%_%;259.5;215.6567
inline%_%iv_users%_%jump_threading%_%licm%_%print_used_types%_%root%_%time_passes%_%;257.6767;216.1788
inline%_%jump_threading%_%licm%_%print_used_types%_%root%_%sccp%_%time_passes%_%;259.3667;217.2175
inline%_%iv_users%_%jump_threading%_%licm%_%print_used_types%_%root%_%sccp%_%time_passes%_%;260.8233;216.2375
inline%_%ipsccp%_%jump_threading%_%licm%_%print_used_types%_%root%_%time_passes%_%;261.5333;216.7333
inline%_%ipsccp%_%jump_threading%_%licm%_%print_used_types%_%root%_%sccp%_%time_passes%_%;262.4833;216.7438
inline%_%ipsccp%_%iv_users%_%jump_threading%_%licm%_%print_used_types%_%root%_%time_passes%_%;265.65;215.6567
inline%_%ipsccp%_%iv_users%_%jump_threading%_%licm%_%print_used_types%_%root%_%sccp%_%time_passes%_%;264.29;215.7607
inline%_%licm%_%root%_%simplifycfg%_%time_passes%_%;266.19;217.2395
ipsccp%_%jump_threading%_%print_used_types%_%root%_%sccp%_%time_passes%_%;205.74;216.249
inline%_%ipsccp%_%licm%_%root%_%simplifycfg%_%time_passes%_%;258.16;216.7218
inline%_%ipsccp%_%iv_users%_%licm%_%root%_%simplifycfg%_%time_passes%_%;263.13;215.6946
inline%_%licm%_%print_used_types%_%root%_%simplifycfg%_%time_passes%_%;263.58;217.206
inline%_%ipsccp%_%licm%_%print_used_types%_%root%_%simplifycfg%_%time_passes%_%;259.3833;216.7333
inline%_%iv_users%_%licm%_%print_used_types%_%root%_%simplifycfg%_%time_passes%_%;263.7467;216.271
inline%_%ipsccp%_%iv_users%_%licm%_%print_used_types%_%root%_%simplifycfg%_%time_passes%_%;260.4133;215.7953
inline%_%jump_threading%_%licm%_%root%_%simplifycfg%_%time_passes%_%;264.51;217.2521
inline%_%jump_threading%_%licm%_%print_used_types%_%root%_%simplifycfg%_%time_passes%_%;259.38;217.2175
ipsccp%_%jump_threading%_%print_used_types%_%root%_%sccp%_%simplifycfg%_%time_passes%_%;205.7067;216.3016
inline%_%iv_users%_%jump_threading%_%licm%_%print_used_types%_%root%_%simplifycfg%_%time_passes%_%;260.77;216.2375
inline%_%ipsccp%_%jump_threading%_%licm%_%root%_%simplifycfg%_%time_passes%_%;261.43;216.7333
inline%_%ipsccp%_%jump_threading%_%licm%_%print_used_types%_%root%_%simplifycfg%_%time_passes%_%;263.5833;216.7438
inline%_%ipsccp%_%iv_users%_%jump_threading%_%licm%_%root%_%simplifycfg%_%time_passes%_%;263.7767;215.6567
inline%_%ipsccp%_%iv_users%_%jump_threading%_%licm%_%print_used_types%_%root%_%simplifycfg%_%time_passes%_%;264.04;215.7607
inline%_%licm%_%root%_%sccp%_%simplifycfg%_%time_passes%_%;265.69;217.206
inline%_%iv_users%_%licm%_%root%_%sccp%_%simplifycfg%_%time_passes%_%;258.9;216.271
inline%_%ipsccp%_%licm%_%root%_%sccp%_%simplifycfg%_%time_passes%_%;261.0767;216.7333
inline%_%ipsccp%_%iv_users%_%licm%_%root%_%sccp%_%simplifycfg%_%time_passes%_%;265.4;215.7953
inline%_%jump_threading%_%licm%_%root%_%sccp%_%simplifycfg%_%time_passes%_%;266.0267;217.2175
ipsccp%_%iv_users%_%jump_threading%_%print_used_types%_%root%_%sccp%_%time_passes%_%;207.1;215.265
inline%_%iv_users%_%jump_threading%_%licm%_%root%_%sccp%_%simplifycfg%_%time_passes%_%;266.12;216.2375
inline%_%ipsccp%_%iv_users%_%jump_threading%_%licm%_%root%_%sccp%_%simplifycfg%_%time_passes%_%;262.0067;215.7607
inline%_%licm%_%print_used_types%_%root%_%sccp%_%simplifycfg%_%time_passes%_%;267.17;217.1754
inline%_%iv_users%_%licm%_%print_used_types%_%root%_%sccp%_%simplifycfg%_%time_passes%_%;261.8967;216.3217
inline%_%jump_threading%_%licm%_%print_used_types%_%root%_%sccp%_%simplifycfg%_%time_passes%_%;263.0433;217.1859
inline%_%iv_users%_%jump_threading%_%licm%_%print_used_types%_%root%_%sccp%_%simplifycfg%_%time_passes%_%;263.1867;216.2911
inline%_%ipsccp%_%licm%_%print_used_types%_%root%_%sccp%_%simplifycfg%_%time_passes%_%;263.57;216.7438
inline%_%ipsccp%_%jump_threading%_%licm%_%print_used_types%_%root%_%sccp%_%simplifycfg%_%time_passes%_%;266.3867;216.7534
inline%_%ipsccp%_%iv_users%_%licm%_%print_used_types%_%root%_%sccp%_%simplifycfg%_%time_passes%_%;267.07;215.8873
inline%_%ipsccp%_%iv_users%_%jump_threading%_%licm%_%print_used_types%_%root%_%sccp%_%simplifycfg%_%time_passes%_%;266.54;215.8558
gvn%_%ipsccp%_%licm%_%root%_%time_passes%_%;232.6167;216.1788
gvn%_%ipsccp%_%iv_users%_%licm%_%root%_%time_passes%_%;232.18;215.1504
gvn%_%licm%_%print_used_types%_%root%_%time_passes%_%;236.21;216.7092
gvn%_%ipsccp%_%licm%_%print_used_types%_%root%_%time_passes%_%;230.2367;216.2375
gvn%_%iv_users%_%licm%_%print_used_types%_%root%_%time_passes%_%;233.3267;215.7733
gvn%_%ipsccp%_%iv_users%_%licm%_%print_used_types%_%root%_%time_passes%_%;234.1;215.2985
gvn%_%licm%_%print_used_types%_%root%_%sccp%_%time_passes%_%;234.6967;216.7218
gvn%_%iv_users%_%licm%_%print_used_types%_%root%_%sccp%_%time_passes%_%;232.0267;215.8673
gvn%_%ipsccp%_%licm%_%root%_%sccp%_%time_passes%_%;235.7333;216.2375
gvn%_%ipsccp%_%licm%_%print_used_types%_%root%_%sccp%_%time_passes%_%;234.0533;216.2911
gvn%_%ipsccp%_%iv_users%_%licm%_%root%_%sccp%_%time_passes%_%;235.12;215.2985
gvn%_%ipsccp%_%iv_users%_%licm%_%print_used_types%_%root%_%sccp%_%time_passes%_%;237.8967;215.4337
gvn%_%ipsccp%_%licm%_%root%_%simplifycfg%_%time_passes%_%;235.5133;216.2375
gvn%_%ipsccp%_%iv_users%_%licm%_%root%_%simplifycfg%_%time_passes%_%;234.0067;215.2985
gvn%_%ipsccp%_%licm%_%root%_%sccp%_%simplifycfg%_%time_passes%_%;233.1167;216.2911
gvn%_%licm%_%print_used_types%_%root%_%simplifycfg%_%time_passes%_%;239.5933;216.7218
gvn%_%licm%_%print_used_types%_%root%_%sccp%_%simplifycfg%_%time_passes%_%;235.85;216.7333
gvn%_%iv_users%_%licm%_%print_used_types%_%root%_%sccp%_%simplifycfg%_%time_passes%_%;233.7933;215.953
gvn%_%ipsccp%_%licm%_%print_used_types%_%root%_%simplifycfg%_%time_passes%_%;237.47;216.2911
gvn%_%ipsccp%_%licm%_%print_used_types%_%root%_%sccp%_%simplifycfg%_%time_passes%_%;234.95;216.34
gvn%_%ipsccp%_%iv_users%_%licm%_%print_used_types%_%root%_%simplifycfg%_%time_passes%_%;236.5867;215.4337
gvn%_%ipsccp%_%iv_users%_%licm%_%print_used_types%_%root%_%sccp%_%simplifycfg%_%time_passes%_%;238.8233;215.5571
gvn%_%inline%_%iv_users%_%licm%_%root%_%time_passes%_%;243.9333;216.2155
gvn%_%inline%_%ipsccp%_%licm%_%root%_%time_passes%_%;249.6633;216.7218
gvn%_%inline%_%ipsccp%_%iv_users%_%licm%_%root%_%time_passes%_%;246.39;215.6946
gvn%_%inline%_%licm%_%print_used_types%_%root%_%time_passes%_%;250.8767;217.206
gvn%_%inline%_%ipsccp%_%licm%_%print_used_types%_%root%_%time_passes%_%;243.8067;216.7333
gvn%_%inline%_%iv_users%_%licm%_%print_used_types%_%root%_%time_passes%_%;247.6267;216.271
inline%_%ipsccp%_%iv_users%_%root%_%time_passes%_%;211.39;215.5842
gvn%_%inline%_%licm%_%root%_%simplifycfg%_%time_passes%_%;252.21;217.206
gvn%_%inline%_%iv_users%_%licm%_%root%_%simplifycfg%_%time_passes%_%;245.79;216.271
gvn%_%inline%_%iv_users%_%licm%_%print_used_types%_%root%_%simplifycfg%_%time_passes%_%;245.5633;216.3217
gvn%_%inline%_%ipsccp%_%licm%_%root%_%simplifycfg%_%time_passes%_%;250.26;216.7333
gvn%_%inline%_%ipsccp%_%licm%_%print_used_types%_%root%_%simplifycfg%_%time_passes%_%;248.07;216.7438
gvn%_%inline%_%ipsccp%_%iv_users%_%licm%_%root%_%simplifycfg%_%time_passes%_%;249.3;215.7953
gvn%_%inline%_%ipsccp%_%iv_users%_%licm%_%print_used_types%_%root%_%simplifycfg%_%time_passes%_%;252.7467;215.8873
gvn%_%inline%_%licm%_%root%_%sccp%_%time_passes%_%;253.9833;217.206
gvn%_%inline%_%iv_users%_%licm%_%root%_%sccp%_%time_passes%_%;246.3767;216.271
gvn%_%inline%_%ipsccp%_%licm%_%root%_%sccp%_%time_passes%_%;252.1267;216.7333
gvn%_%inline%_%ipsccp%_%iv_users%_%licm%_%root%_%sccp%_%time_passes%_%;248.7833;215.7953
gvn%_%inline%_%licm%_%root%_%sccp%_%simplifycfg%_%time_passes%_%;253.3933;217.1754
gvn%_%inline%_%ipsccp%_%licm%_%root%_%sccp%_%simplifycfg%_%time_passes%_%;248.6033;216.7438
gvn%_%inline%_%iv_users%_%licm%_%root%_%sccp%_%simplifycfg%_%time_passes%_%;250.4433;216.3217
gvn%_%inline%_%ipsccp%_%iv_users%_%licm%_%root%_%sccp%_%simplifycfg%_%time_passes%_%;254.2667;215.8873
gvn%_%inline%_%licm%_%print_used_types%_%root%_%sccp%_%time_passes%_%;255.1733;217.1754
gvn%_%inline%_%iv_users%_%licm%_%print_used_types%_%root%_%sccp%_%time_passes%_%;246.0867;216.3217
inline%_%ipsccp%_%print_used_types%_%root%_%time_passes%_%;208.37;216.7218
gvn%_%inline%_%ipsccp%_%licm%_%print_used_types%_%root%_%sccp%_%time_passes%_%;252.52;216.7438
gvn%_%inline%_%ipsccp%_%iv_users%_%licm%_%print_used_types%_%root%_%sccp%_%time_passes%_%;251.5667;215.8873
gvn%_%inline%_%ipsccp%_%iv_users%_%licm%_%print_used_types%_%root%_%sccp%_%simplifycfg%_%time_passes%_%;254.59;215.9714
gvn%_%ipsccp%_%jump_threading%_%licm%_%root%_%time_passes%_%;235.21;216.1914
gvn%_%ipsccp%_%iv_users%_%jump_threading%_%licm%_%root%_%time_passes%_%;233.55;215.1138
gvn%_%jump_threading%_%licm%_%print_used_types%_%root%_%time_passes%_%;237.3333;216.7218
inline%_%iv_users%_%print_used_types%_%root%_%time_passes%_%;212.9367;216.2155
gvn%_%ipsccp%_%jump_threading%_%licm%_%print_used_types%_%root%_%time_passes%_%;231.4433;216.249
gvn%_%iv_users%_%jump_threading%_%licm%_%print_used_types%_%root%_%time_passes%_%;234.24;215.7407
gvn%_%ipsccp%_%iv_users%_%jump_threading%_%licm%_%print_used_types%_%root%_%time_passes%_%;235.3133;215.265
gvn%_%jump_threading%_%licm%_%print_used_types%_%root%_%sccp%_%time_passes%_%;237.0633;216.7333
gvn%_%iv_users%_%jump_threading%_%licm%_%print_used_types%_%root%_%sccp%_%time_passes%_%;233.12;215.8374
gvn%_%ipsccp%_%jump_threading%_%licm%_%root%_%sccp%_%time_passes%_%;236.9767;216.249
gvn%_%ipsccp%_%jump_threading%_%licm%_%print_used_types%_%root%_%sccp%_%time_passes%_%;235.2333;216.3016
gvn%_%ipsccp%_%iv_users%_%jump_threading%_%licm%_%root%_%sccp%_%time_passes%_%;235.9467;215.265
inline%_%ipsccp%_%iv_users%_%print_used_types%_%root%_%time_passes%_%;210.2367;215.6946
gvn%_%ipsccp%_%iv_users%_%jump_threading%_%licm%_%print_used_types%_%root%_%sccp%_%time_passes%_%;239.0367;215.4031
gvn%_%inline%_%jump_threading%_%licm%_%root%_%time_passes%_%;239.9633;217.2521
gvn%_%inline%_%iv_users%_%jump_threading%_%licm%_%root%_%time_passes%_%;245.21;216.1788
gvn%_%inline%_%ipsccp%_%jump_threading%_%licm%_%root%_%time_passes%_%;251.09;216.7333
gvn%_%inline%_%ipsccp%_%iv_users%_%jump_threading%_%licm%_%root%_%time_passes%_%;247.3733;215.6567
gvn%_%inline%_%jump_threading%_%licm%_%root%_%sccp%_%time_passes%_%;252.0433;217.2175
gvn%_%inline%_%ipsccp%_%jump_threading%_%licm%_%root%_%sccp%_%time_passes%_%;247.79;216.7438
gvn%_%inline%_%iv_users%_%jump_threading%_%licm%_%root%_%sccp%_%time_passes%_%;249.68;216.2375
gvn%_%inline%_%jump_threading%_%licm%_%print_used_types%_%root%_%time_passes%_%;254.3933;217.2175
gvn%_%inline%_%iv_users%_%jump_threading%_%licm%_%print_used_types%_%root%_%time_passes%_%;244.8467;216.2375
gvn%_%inline%_%jump_threading%_%licm%_%print_used_types%_%root%_%sccp%_%time_passes%_%;249.5633;217.1859
gvn%_%inline%_%iv_users%_%jump_threading%_%licm%_%print_used_types%_%root%_%sccp%_%time_passes%_%;247.0133;216.2911
gvn%_%inline%_%ipsccp%_%jump_threading%_%licm%_%print_used_types%_%root%_%time_passes%_%;252.0367;216.7438
gvn%_%inline%_%ipsccp%_%jump_threading%_%licm%_%print_used_types%_%root%_%sccp%_%time_passes%_%;249.0867;216.7534
gvn%_%inline%_%ipsccp%_%iv_users%_%jump_threading%_%licm%_%print_used_types%_%root%_%time_passes%_%;251.25;215.7607
gvn%_%inline%_%ipsccp%_%iv_users%_%jump_threading%_%licm%_%print_used_types%_%root%_%sccp%_%time_passes%_%;253.54;215.8558
gvn%_%ipsccp%_%jump_threading%_%licm%_%root%_%simplifycfg%_%time_passes%_%;236.64;216.249
inline%_%iv_users%_%root%_%sccp%_%time_passes%_%;210.7067;216.2155
gvn%_%ipsccp%_%iv_users%_%jump_threading%_%licm%_%root%_%simplifycfg%_%time_passes%_%;234.7733;215.265
gvn%_%jump_threading%_%licm%_%print_used_types%_%root%_%simplifycfg%_%time_passes%_%;238.7367;216.7333
gvn%_%ipsccp%_%jump_threading%_%licm%_%print_used_types%_%root%_%simplifycfg%_%time_passes%_%;232.6367;216.3016
gvn%_%ipsccp%_%iv_users%_%jump_threading%_%licm%_%print_used_types%_%root%_%simplifycfg%_%time_passes%_%;236.58;215.4031
gvn%_%inline%_%jump_threading%_%licm%_%print_used_types%_%root%_%simplifycfg%_%time_passes%_%;252.8933;217.1859
gvn%_%inline%_%iv_users%_%jump_threading%_%licm%_%print_used_types%_%root%_%simplifycfg%_%time_passes%_%;246.5033;216.2911
gvn%_%inline%_%ipsccp%_%jump_threading%_%licm%_%root%_%simplifycfg%_%time_passes%_%;251.0333;216.7438
inline%_%print_used_types%_%root%_%sccp%_%time_passes%_%;212.5167;217.206
gvn%_%inline%_%ipsccp%_%jump_threading%_%licm%_%print_used_types%_%root%_%simplifycfg%_%time_passes%_%;249.0467;216.7534
gvn%_%inline%_%ipsccp%_%iv_users%_%jump_threading%_%licm%_%root%_%simplifycfg%_%time_passes%_%;250.23;215.7607
gvn%_%ipsccp%_%iv_users%_%jump_threading%_%licm%_%root%_%sccp%_%simplifycfg%_%time_passes%_%;236.38;215.4031
gvn%_%inline%_%jump_threading%_%licm%_%root%_%sccp%_%simplifycfg%_%time_passes%_%;240.43;217.1859
gvn%_%inline%_%ipsccp%_%jump_threading%_%licm%_%root%_%sccp%_%simplifycfg%_%time_passes%_%;249.6167;216.7534
gvn%_%inline%_%iv_users%_%jump_threading%_%licm%_%root%_%sccp%_%simplifycfg%_%time_passes%_%;251.31;216.2911
inline%_%iv_users%_%print_used_types%_%root%_%sccp%_%time_passes%_%;211.1867;216.271
gvn%_%inline%_%ipsccp%_%iv_users%_%jump_threading%_%licm%_%root%_%sccp%_%simplifycfg%_%time_passes%_%;255.4233;215.8558
gvn%_%jump_threading%_%licm%_%print_used_types%_%root%_%sccp%_%simplifycfg%_%time_passes%_%;256.2267;216.7438
gvn%_%iv_users%_%jump_threading%_%licm%_%print_used_types%_%root%_%sccp%_%simplifycfg%_%time_passes%_%;234.45;215.9258
gvn%_%inline%_%jump_threading%_%licm%_%print_used_types%_%root%_%sccp%_%simplifycfg%_%time_passes%_%;238.2733;217.1571
gvn%_%inline%_%iv_users%_%jump_threading%_%licm%_%print_used_types%_%root%_%sccp%_%simplifycfg%_%time_passes%_%;248.74;216.34
gvn%_%ipsccp%_%jump_threading%_%licm%_%print_used_types%_%root%_%sccp%_%simplifycfg%_%time_passes%_%;253.47;216.3496
gvn%_%inline%_%ipsccp%_%jump_threading%_%licm%_%print_used_types%_%root%_%sccp%_%simplifycfg%_%time_passes%_%;237.3467;216.7621
gvn%_%ipsccp%_%iv_users%_%jump_threading%_%licm%_%print_used_types%_%root%_%sccp%_%simplifycfg%_%time_passes%_%;252.6233;215.5292
gvn%_%inline%_%ipsccp%_%iv_users%_%jump_threading%_%licm%_%print_used_types%_%root%_%sccp%_%simplifycfg%_%time_passes%_%;241.2267;215.9425
inline%_%ipsccp%_%root%_%sccp%_%time_passes%_%;212.94;216.7218
instcombine%_%ipsccp%_%licm%_%root%_%time_passes%_%;231.9967;217.5672
instcombine%_%ipsccp%_%iv_users%_%licm%_%root%_%time_passes%_%;233.4467;216.4182
instcombine%_%licm%_%print_used_types%_%root%_%time_passes%_%;234.2667;218.0515
instcombine%_%ipsccp%_%licm%_%print_used_types%_%root%_%time_passes%_%;231;217.5052
instcombine%_%iv_users%_%licm%_%print_used_types%_%root%_%time_passes%_%;233.66;216.999
instcombine%_%ipsccp%_%iv_users%_%licm%_%print_used_types%_%root%_%time_passes%_%;232.0467;216.4561
inline%_%ipsccp%_%print_used_types%_%root%_%sccp%_%time_passes%_%;214.25;216.7333
instcombine%_%iv_users%_%licm%_%print_used_types%_%root%_%sccp%_%time_passes%_%;232.65;216.9864
instcombine%_%ipsccp%_%licm%_%root%_%sccp%_%time_passes%_%;233.85;217.5052
instcombine%_%ipsccp%_%licm%_%print_used_types%_%root%_%sccp%_%time_passes%_%;235.1633;217.4487
instcombine%_%ipsccp%_%iv_users%_%licm%_%root%_%sccp%_%time_passes%_%;236.06;216.4561
instcombine%_%ipsccp%_%iv_users%_%licm%_%print_used_types%_%root%_%sccp%_%time_passes%_%;236.36;216.4906
instcombine%_%ipsccp%_%licm%_%root%_%simplifycfg%_%time_passes%_%;232.6367;217.5052
instcombine%_%ipsccp%_%iv_users%_%licm%_%root%_%simplifycfg%_%time_passes%_%;233.43;216.4561
inline%_%ipsccp%_%iv_users%_%root%_%sccp%_%time_passes%_%;215.8533;215.6946
instcombine%_%ipsccp%_%licm%_%root%_%sccp%_%simplifycfg%_%time_passes%_%;233;217.4487
instcombine%_%ipsccp%_%iv_users%_%licm%_%root%_%sccp%_%simplifycfg%_%time_passes%_%;234.2233;216.4906
instcombine%_%licm%_%print_used_types%_%root%_%simplifycfg%_%time_passes%_%;235.8533;217.9474
instcombine%_%licm%_%print_used_types%_%root%_%sccp%_%simplifycfg%_%time_passes%_%;232.59;217.8524
instcombine%_%iv_users%_%licm%_%print_used_types%_%root%_%sccp%_%simplifycfg%_%time_passes%_%;232.99;216.9749
instcombine%_%ipsccp%_%licm%_%print_used_types%_%root%_%simplifycfg%_%time_passes%_%;234.25;217.4487
instcombine%_%ipsccp%_%licm%_%print_used_types%_%root%_%sccp%_%simplifycfg%_%time_passes%_%;235.0733;217.397
instcombine%_%ipsccp%_%iv_users%_%licm%_%print_used_types%_%root%_%simplifycfg%_%time_passes%_%;236.53;216.4906
ipsccp%_%iv_users%_%print_used_types%_%root%_%time_passes%_%;201.52;215.1504
inline%_%ipsccp%_%iv_users%_%print_used_types%_%root%_%sccp%_%time_passes%_%;215.8833;215.7953
instcombine%_%ipsccp%_%iv_users%_%licm%_%print_used_types%_%root%_%sccp%_%simplifycfg%_%time_passes%_%;236.17;216.5222
instcombine%_%ipsccp%_%jump_threading%_%licm%_%root%_%time_passes%_%;232.47;217.6062
instcombine%_%ipsccp%_%iv_users%_%jump_threading%_%licm%_%root%_%time_passes%_%;233.23;216.4056
instcombine%_%jump_threading%_%licm%_%print_used_types%_%root%_%time_passes%_%;234.3833;218.0861
instcombine%_%ipsccp%_%jump_threading%_%licm%_%print_used_types%_%root%_%time_passes%_%;231.7567;217.5408
instcombine%_%iv_users%_%jump_threading%_%licm%_%print_used_types%_%root%_%time_passes%_%;234.6133;216.9864
instcombine%_%ipsccp%_%iv_users%_%jump_threading%_%licm%_%print_used_types%_%root%_%time_passes%_%;232.9833;216.4446
instcombine%_%jump_threading%_%licm%_%print_used_types%_%root%_%simplifycfg%_%time_passes%_%;234.0633;217.979
instcombine%_%iv_users%_%jump_threading%_%licm%_%print_used_types%_%root%_%simplifycfg%_%time_passes%_%;233.1467;216.9749
instcombine%_%ipsccp%_%jump_threading%_%licm%_%root%_%simplifycfg%_%time_passes%_%;234.1333;217.5408
instcombine%_%ipsccp%_%jump_threading%_%licm%_%print_used_types%_%root%_%simplifycfg%_%time_passes%_%;234.92;217.4812
instcombine%_%ipsccp%_%iv_users%_%jump_threading%_%licm%_%root%_%simplifycfg%_%time_passes%_%;235.7933;216.4446
instcombine%_%ipsccp%_%iv_users%_%jump_threading%_%licm%_%print_used_types%_%root%_%simplifycfg%_%time_passes%_%;235.96;216.4801
instcombine%_%ipsccp%_%jump_threading%_%licm%_%root%_%sccp%_%time_passes%_%;234.4667;217.5408
inline%_%iv_users%_%jump_threading%_%root%_%time_passes%_%;208.9867;216.1146
instcombine%_%ipsccp%_%iv_users%_%jump_threading%_%licm%_%root%_%sccp%_%time_passes%_%;235.3733;216.4446
instcombine%_%ipsccp%_%jump_threading%_%licm%_%root%_%sccp%_%simplifycfg%_%time_passes%_%;234.56;217.4812
instcombine%_%jump_threading%_%licm%_%print_used_types%_%root%_%sccp%_%time_passes%_%;237.41;217.979
instcombine%_%iv_users%_%jump_threading%_%licm%_%print_used_types%_%root%_%sccp%_%time_passes%_%;233.4267;216.9749
instcombine%_%jump_threading%_%licm%_%print_used_types%_%root%_%sccp%_%simplifycfg%_%time_passes%_%;234.7467;217.8813
instcombine%_%iv_users%_%jump_threading%_%licm%_%print_used_types%_%root%_%sccp%_%simplifycfg%_%time_passes%_%;234.65;216.9644
instcombine%_%ipsccp%_%jump_threading%_%licm%_%print_used_types%_%root%_%sccp%_%time_passes%_%;235.79;217.4812
inline%_%ipsccp%_%jump_threading%_%root%_%time_passes%_%;211.2733;216.7218
instcombine%_%ipsccp%_%jump_threading%_%licm%_%print_used_types%_%root%_%sccp%_%simplifycfg%_%time_passes%_%;236.3067;217.4267
instcombine%_%ipsccp%_%iv_users%_%jump_threading%_%licm%_%print_used_types%_%root%_%sccp%_%time_passes%_%;237.2267;216.4801
gvn%_%instcombine%_%ipsccp%_%licm%_%root%_%time_passes%_%;249.99;217.5052
gvn%_%instcombine%_%licm%_%print_used_types%_%root%_%time_passes%_%;252.18;217.9474
gvn%_%instcombine%_%ipsccp%_%licm%_%print_used_types%_%root%_%time_passes%_%;246.8067;217.4487
gvn%_%instcombine%_%iv_users%_%licm%_%print_used_types%_%root%_%time_passes%_%;249.4967;216.9864
inline%_%ipsccp%_%iv_users%_%jump_threading%_%root%_%time_passes%_%;212.9267;215.5427
gvn%_%instcombine%_%ipsccp%_%iv_users%_%licm%_%print_used_types%_%root%_%time_passes%_%;250.24;216.4906
gvn%_%instcombine%_%licm%_%print_used_types%_%root%_%sccp%_%time_passes%_%;251.74;217.8524
gvn%_%instcombine%_%iv_users%_%licm%_%print_used_types%_%root%_%sccp%_%time_passes%_%;248.34;216.9749
gvn%_%instcombine%_%ipsccp%_%licm%_%root%_%sccp%_%time_passes%_%;251.7067;217.4487
gvn%_%instcombine%_%ipsccp%_%licm%_%print_used_types%_%root%_%sccp%_%time_passes%_%;250.05;217.397
gvn%_%instcombine%_%ipsccp%_%iv_users%_%licm%_%root%_%sccp%_%time_passes%_%;250.8667;216.4906
gvn%_%instcombine%_%ipsccp%_%iv_users%_%licm%_%print_used_types%_%root%_%sccp%_%time_passes%_%;253.5067;216.5222
inline%_%jump_threading%_%root%_%sccp%_%time_passes%_%;214.3433;217.2521
gvn%_%instcombine%_%ipsccp%_%jump_threading%_%licm%_%root%_%time_passes%_%;251.8467;217.5408
gvn%_%instcombine%_%ipsccp%_%iv_users%_%jump_threading%_%licm%_%root%_%time_passes%_%;249.5767;216.4446
gvn%_%instcombine%_%ipsccp%_%jump_threading%_%licm%_%root%_%sccp%_%time_passes%_%;249.4367;217.4812
gvn%_%instcombine%_%ipsccp%_%iv_users%_%jump_threading%_%licm%_%root%_%sccp%_%time_passes%_%;253.49;216.4801
gvn%_%instcombine%_%iv_users%_%jump_threading%_%licm%_%print_used_types%_%root%_%time_passes%_%;247.6133;216.9749
gvn%_%instcombine%_%jump_threading%_%licm%_%print_used_types%_%root%_%sccp%_%time_passes%_%;251.3233;217.8813
inline%_%ipsccp%_%jump_threading%_%root%_%sccp%_%time_passes%_%;211.5867;216.7333
gvn%_%instcombine%_%iv_users%_%jump_threading%_%licm%_%print_used_types%_%root%_%sccp%_%time_passes%_%;249.41;216.9644
gvn%_%instcombine%_%ipsccp%_%jump_threading%_%licm%_%print_used_types%_%root%_%time_passes%_%;252.8067;217.4812
gvn%_%instcombine%_%ipsccp%_%iv_users%_%jump_threading%_%licm%_%print_used_types%_%root%_%time_passes%_%;251.7933;216.4801
gvn%_%instcombine%_%ipsccp%_%iv_users%_%jump_threading%_%licm%_%print_used_types%_%root%_%sccp%_%time_passes%_%;254.4233;216.5126
gvn%_%instcombine%_%ipsccp%_%licm%_%root%_%simplifycfg%_%time_passes%_%;251.9333;217.4487
gvn%_%instcombine%_%ipsccp%_%iv_users%_%licm%_%root%_%simplifycfg%_%time_passes%_%;249.7167;216.4906
gvn%_%instcombine%_%licm%_%print_used_types%_%root%_%simplifycfg%_%time_passes%_%;253.1167;217.8524
inline%_%iv_users%_%jump_threading%_%root%_%sccp%_%time_passes%_%;215.3133;216.1788
gvn%_%instcombine%_%ipsccp%_%licm%_%print_used_types%_%root%_%simplifycfg%_%time_passes%_%;248.0633;217.397
gvn%_%instcombine%_%iv_users%_%licm%_%print_used_types%_%root%_%simplifycfg%_%time_passes%_%;250.3367;216.9749
gvn%_%instcombine%_%ipsccp%_%iv_users%_%licm%_%print_used_types%_%root%_%simplifycfg%_%time_passes%_%;251.4333;216.5222
gvn%_%instcombine%_%jump_threading%_%licm%_%print_used_types%_%root%_%simplifycfg%_%time_passes%_%;252.82;217.8813
gvn%_%instcombine%_%iv_users%_%jump_threading%_%licm%_%print_used_types%_%root%_%simplifycfg%_%time_passes%_%;248.9033;216.9644
gvn%_%instcombine%_%ipsccp%_%jump_threading%_%licm%_%root%_%simplifycfg%_%time_passes%_%;252.2767;217.4812
gvn%_%instcombine%_%ipsccp%_%jump_threading%_%licm%_%print_used_types%_%root%_%simplifycfg%_%time_passes%_%;250.5333;217.4267
gvn%_%instcombine%_%ipsccp%_%iv_users%_%jump_threading%_%licm%_%root%_%simplifycfg%_%time_passes%_%;251.3633;216.4801
inline%_%ipsccp%_%iv_users%_%jump_threading%_%root%_%sccp%_%time_passes%_%;213.8467;215.6567
gvn%_%instcombine%_%ipsccp%_%iv_users%_%jump_threading%_%licm%_%print_used_types%_%root%_%simplifycfg%_%time_passes%_%;254.1233;216.5126
gvn%_%instcombine%_%ipsccp%_%licm%_%root%_%sccp%_%simplifycfg%_%time_passes%_%;253.7433;217.397
gvn%_%instcombine%_%ipsccp%_%iv_users%_%licm%_%root%_%sccp%_%simplifycfg%_%time_passes%_%;251.1633;216.5222
gvn%_%instcombine%_%ipsccp%_%jump_threading%_%licm%_%root%_%sccp%_%simplifycfg%_%time_passes%_%;250.5967;217.4267
gvn%_%instcombine%_%ipsccp%_%iv_users%_%jump_threading%_%licm%_%root%_%sccp%_%simplifycfg%_%time_passes%_%;254.42;216.5126
gvn%_%instcombine%_%licm%_%print_used_types%_%root%_%sccp%_%simplifycfg%_%time_passes%_%;255.3233;217.7657
inline%_%jump_threading%_%print_used_types%_%root%_%time_passes%_%;216.8367;217.2521
gvn%_%instcombine%_%iv_users%_%licm%_%print_used_types%_%root%_%sccp%_%simplifycfg%_%time_passes%_%;249.46;216.9644
gvn%_%instcombine%_%jump_threading%_%licm%_%print_used_types%_%root%_%sccp%_%simplifycfg%_%time_passes%_%;252.8733;217.792
gvn%_%instcombine%_%iv_users%_%jump_threading%_%licm%_%print_used_types%_%root%_%sccp%_%simplifycfg%_%time_passes%_%;250.48;216.9548
gvn%_%instcombine%_%ipsccp%_%licm%_%print_used_types%_%root%_%sccp%_%simplifycfg%_%time_passes%_%;253.57;217.3498
gvn%_%instcombine%_%ipsccp%_%jump_threading%_%licm%_%print_used_types%_%root%_%sccp%_%simplifycfg%_%time_passes%_%;251.8133;217.3769
gvn%_%instcombine%_%ipsccp%_%iv_users%_%licm%_%print_used_types%_%root%_%sccp%_%simplifycfg%_%time_passes%_%;252.77;216.5511
gvn%_%instcombine%_%ipsccp%_%iv_users%_%jump_threading%_%licm%_%print_used_types%_%root%_%sccp%_%simplifycfg%_%time_passes%_%;255.43;216.5423
inline%_%instcombine%_%licm%_%root%_%time_passes%_%;256.2467;218.7337
inline%_%instcombine%_%iv_users%_%licm%_%root%_%time_passes%_%;244.9167;217.5798
inline%_%instcombine%_%ipsccp%_%licm%_%root%_%time_passes%_%;247.4667;218.1365
inline%_%iv_users%_%jump_threading%_%print_used_types%_%root%_%time_passes%_%;209.84;216.1788
inline%_%instcombine%_%licm%_%print_used_types%_%root%_%time_passes%_%;248.8967;218.5703
inline%_%instcombine%_%ipsccp%_%licm%_%print_used_types%_%root%_%time_passes%_%;245.4967;218.0251
inline%_%instcombine%_%iv_users%_%licm%_%print_used_types%_%root%_%time_passes%_%;249.0533;217.5167
inline%_%instcombine%_%ipsccp%_%iv_users%_%licm%_%print_used_types%_%root%_%time_passes%_%;246.32;216.9749
inline%_%instcombine%_%licm%_%root%_%sccp%_%time_passes%_%;250.1633;218.5703
inline%_%instcombine%_%iv_users%_%licm%_%root%_%sccp%_%time_passes%_%;247.2533;217.5167
inline%_%instcombine%_%licm%_%print_used_types%_%root%_%sccp%_%time_passes%_%;249.7867;218.4212
inline%_%instcombine%_%iv_users%_%licm%_%print_used_types%_%root%_%sccp%_%time_passes%_%;247.4267;217.4592
inline%_%instcombine%_%ipsccp%_%licm%_%root%_%sccp%_%time_passes%_%;248.43;218.0251
inline%_%jump_threading%_%print_used_types%_%root%_%sccp%_%time_passes%_%;211.59;217.2175
inline%_%instcombine%_%ipsccp%_%licm%_%print_used_types%_%root%_%sccp%_%time_passes%_%;250.12;217.9233
inline%_%instcombine%_%ipsccp%_%iv_users%_%licm%_%root%_%sccp%_%time_passes%_%;251.2367;216.9749
inline%_%instcombine%_%ipsccp%_%iv_users%_%licm%_%print_used_types%_%root%_%sccp%_%time_passes%_%;251.2367;216.9644
inline%_%instcombine%_%iv_users%_%licm%_%root%_%simplifycfg%_%time_passes%_%;246.61;217.5167
inline%_%instcombine%_%ipsccp%_%licm%_%root%_%simplifycfg%_%time_passes%_%;249.2533;218.0251
inline%_%instcombine%_%ipsccp%_%iv_users%_%licm%_%root%_%simplifycfg%_%time_passes%_%;249.0133;216.9749
inline%_%instcombine%_%licm%_%root%_%sccp%_%simplifycfg%_%time_passes%_%;250.2433;218.4212
inline%_%instcombine%_%ipsccp%_%licm%_%root%_%sccp%_%simplifycfg%_%time_passes%_%;248.71;217.9233
inline%_%instcombine%_%iv_users%_%licm%_%root%_%sccp%_%simplifycfg%_%time_passes%_%;251.02;217.4592
inline%_%iv_users%_%jump_threading%_%print_used_types%_%root%_%sccp%_%time_passes%_%;212.45;216.2375
inline%_%instcombine%_%ipsccp%_%iv_users%_%licm%_%root%_%sccp%_%simplifycfg%_%time_passes%_%;251.2967;216.9644
inline%_%instcombine%_%licm%_%print_used_types%_%root%_%simplifycfg%_%time_passes%_%;252.0933;218.4212
inline%_%instcombine%_%iv_users%_%licm%_%print_used_types%_%root%_%simplifycfg%_%time_passes%_%;246.6533;217.4592
inline%_%instcombine%_%licm%_%print_used_types%_%root%_%sccp%_%simplifycfg%_%time_passes%_%;247.8733;218.285
inline%_%instcombine%_%iv_users%_%licm%_%print_used_types%_%root%_%sccp%_%simplifycfg%_%time_passes%_%;248.65;217.4066
inline%_%instcombine%_%ipsccp%_%licm%_%print_used_types%_%root%_%simplifycfg%_%time_passes%_%;249.8333;217.9233
inline%_%instcombine%_%ipsccp%_%iv_users%_%licm%_%print_used_types%_%root%_%sccp%_%simplifycfg%_%time_passes%_%;251.15;216.9548
gvn%_%inline%_%instcombine%_%licm%_%root%_%time_passes%_%;253.15;218.5703
inline%_%ipsccp%_%jump_threading%_%print_used_types%_%root%_%time_passes%_%;214.1533;216.7333
gvn%_%inline%_%instcombine%_%iv_users%_%licm%_%root%_%time_passes%_%;258.5567;217.5167
gvn%_%inline%_%instcombine%_%ipsccp%_%licm%_%root%_%time_passes%_%;264.6;218.0251
gvn%_%inline%_%instcombine%_%ipsccp%_%iv_users%_%licm%_%root%_%time_passes%_%;260.3267;216.9749
gvn%_%inline%_%instcombine%_%licm%_%print_used_types%_%root%_%time_passes%_%;264.9933;218.4212
gvn%_%inline%_%instcombine%_%ipsccp%_%licm%_%print_used_types%_%root%_%time_passes%_%;258.0233;217.9233
gvn%_%inline%_%instcombine%_%iv_users%_%licm%_%print_used_types%_%root%_%time_passes%_%;261.4367;217.4592
gvn%_%inline%_%instcombine%_%licm%_%root%_%simplifycfg%_%time_passes%_%;266.0967;218.4212
gvn%_%inline%_%instcombine%_%iv_users%_%licm%_%root%_%simplifycfg%_%time_passes%_%;260.4967;217.4592
gvn%_%inline%_%instcombine%_%licm%_%print_used_types%_%root%_%simplifycfg%_%time_passes%_%;266.45;218.285
inline%_%ipsccp%_%jump_threading%_%print_used_types%_%root%_%sccp%_%time_passes%_%;214.3133;216.7438
gvn%_%inline%_%instcombine%_%iv_users%_%licm%_%print_used_types%_%root%_%simplifycfg%_%time_passes%_%;259.76;217.4066
gvn%_%inline%_%instcombine%_%ipsccp%_%licm%_%print_used_types%_%root%_%simplifycfg%_%time_passes%_%;261.8467;217.8304
gvn%_%inline%_%instcombine%_%ipsccp%_%iv_users%_%licm%_%root%_%simplifycfg%_%time_passes%_%;262.95;216.9644
gvn%_%inline%_%instcombine%_%licm%_%root%_%sccp%_%time_passes%_%;267.8467;218.4212
gvn%_%inline%_%instcombine%_%iv_users%_%licm%_%root%_%sccp%_%time_passes%_%;261.09;217.4592
gvn%_%inline%_%instcombine%_%ipsccp%_%licm%_%root%_%sccp%_%time_passes%_%;267.0433;217.9233
gvn%_%inline%_%instcombine%_%ipsccp%_%iv_users%_%licm%_%root%_%sccp%_%time_passes%_%;262.6633;216.9644
gvn%_%inline%_%instcombine%_%licm%_%root%_%sccp%_%simplifycfg%_%time_passes%_%;267.28;218.285
inline%_%ipsccp%_%iv_users%_%jump_threading%_%print_used_types%_%root%_%time_passes%_%;216.9133;215.6567
gvn%_%inline%_%instcombine%_%ipsccp%_%licm%_%root%_%sccp%_%simplifycfg%_%time_passes%_%;262.68;217.8304
gvn%_%inline%_%instcombine%_%iv_users%_%licm%_%root%_%sccp%_%simplifycfg%_%time_passes%_%;264.1633;217.4066
gvn%_%inline%_%instcombine%_%ipsccp%_%iv_users%_%licm%_%root%_%sccp%_%simplifycfg%_%time_passes%_%;268.7967;216.9548
gvn%_%inline%_%instcombine%_%licm%_%print_used_types%_%root%_%sccp%_%time_passes%_%;268.5833;218.285
gvn%_%inline%_%instcombine%_%iv_users%_%licm%_%print_used_types%_%root%_%sccp%_%time_passes%_%;260.1733;217.4066
gvn%_%inline%_%instcombine%_%iv_users%_%licm%_%print_used_types%_%root%_%sccp%_%simplifycfg%_%time_passes%_%;261.6767;217.3586
gvn%_%inline%_%instcombine%_%ipsccp%_%licm%_%print_used_types%_%root%_%sccp%_%time_passes%_%;266.2133;217.8304
gvn%_%inline%_%instcombine%_%ipsccp%_%licm%_%print_used_types%_%root%_%sccp%_%simplifycfg%_%time_passes%_%;263.7167;217.7456
gvn%_%inline%_%instcombine%_%ipsccp%_%iv_users%_%licm%_%print_used_types%_%root%_%sccp%_%time_passes%_%;264.9333;216.9548
inline%_%ipsccp%_%iv_users%_%jump_threading%_%print_used_types%_%root%_%sccp%_%time_passes%_%;215.74;215.7607
gvn%_%inline%_%instcombine%_%ipsccp%_%iv_users%_%licm%_%print_used_types%_%root%_%sccp%_%simplifycfg%_%time_passes%_%;268.4167;216.9461
inline%_%instcombine%_%jump_threading%_%licm%_%root%_%time_passes%_%;269.5167;218.7726
inline%_%instcombine%_%iv_users%_%jump_threading%_%licm%_%root%_%time_passes%_%;245.7933;217.5672
inline%_%instcombine%_%ipsccp%_%jump_threading%_%licm%_%root%_%time_passes%_%;248.1867;218.1769
inline%_%instcombine%_%ipsccp%_%iv_users%_%jump_threading%_%licm%_%root%_%time_passes%_%;248.4167;216.9749
inline%_%instcombine%_%jump_threading%_%licm%_%print_used_types%_%root%_%time_passes%_%;249.4933;218.6059
inline%_%instcombine%_%ipsccp%_%jump_threading%_%licm%_%print_used_types%_%root%_%time_passes%_%;246.0067;218.062
inline%_%instcombine%_%iv_users%_%jump_threading%_%licm%_%print_used_types%_%root%_%time_passes%_%;249.5333;217.5052
inline%_%instcombine%_%ipsccp%_%iv_users%_%jump_threading%_%licm%_%print_used_types%_%root%_%time_passes%_%;247.26;216.9644
inline%_%instcombine%_%jump_threading%_%licm%_%root%_%sccp%_%time_passes%_%;250.5967;218.6059
inline%_%instcombine%_%iv_users%_%jump_threading%_%licm%_%root%_%sccp%_%time_passes%_%;247.6733;217.5052
inline%_%instcombine%_%jump_threading%_%licm%_%print_used_types%_%root%_%sccp%_%time_passes%_%;250.3667;218.4537
inline%_%instcombine%_%iv_users%_%jump_threading%_%licm%_%print_used_types%_%root%_%sccp%_%time_passes%_%;248.03;217.4487
inline%_%instcombine%_%ipsccp%_%jump_threading%_%licm%_%root%_%sccp%_%time_passes%_%;249.3;218.062
inline%_%instcombine%_%ipsccp%_%jump_threading%_%licm%_%print_used_types%_%root%_%sccp%_%time_passes%_%;250.45;217.957
inline%_%instcombine%_%ipsccp%_%iv_users%_%jump_threading%_%licm%_%root%_%sccp%_%time_passes%_%;251.5167;216.9644
inline%_%instcombine%_%ipsccp%_%iv_users%_%jump_threading%_%licm%_%print_used_types%_%root%_%sccp%_%time_passes%_%;251.2467;216.9548
gvn%_%inline%_%instcombine%_%jump_threading%_%licm%_%root%_%time_passes%_%;252.5;218.6059
gvn%_%inline%_%instcombine%_%iv_users%_%jump_threading%_%licm%_%root%_%time_passes%_%;260.1667;217.5052
gvn%_%inline%_%instcombine%_%ipsccp%_%jump_threading%_%licm%_%root%_%time_passes%_%;266.11;218.062
inline%_%iv_users%_%root%_%simplifycfg%_%time_passes%_%;209.5833;216.2155
gvn%_%inline%_%instcombine%_%ipsccp%_%iv_users%_%jump_threading%_%licm%_%root%_%time_passes%_%;261.6867;216.9644
gvn%_%inline%_%instcombine%_%jump_threading%_%licm%_%root%_%sccp%_%time_passes%_%;266.4767;218.4537
gvn%_%inline%_%instcombine%_%ipsccp%_%jump_threading%_%licm%_%root%_%sccp%_%time_passes%_%;262.22;217.957
gvn%_%inline%_%instcombine%_%iv_users%_%jump_threading%_%licm%_%root%_%sccp%_%time_passes%_%;263.7867;217.4487
gvn%_%inline%_%instcombine%_%ipsccp%_%iv_users%_%jump_threading%_%licm%_%root%_%sccp%_%time_passes%_%;268.41;216.9548
gvn%_%inline%_%instcombine%_%jump_threading%_%licm%_%print_used_types%_%root%_%time_passes%_%;268.38;218.4537
gvn%_%inline%_%instcombine%_%jump_threading%_%licm%_%print_used_types%_%root%_%sccp%_%time_passes%_%;264.1667;218.3147
gvn%_%inline%_%instcombine%_%iv_users%_%jump_threading%_%licm%_%print_used_types%_%root%_%sccp%_%time_passes%_%;261.3633;217.397
gvn%_%inline%_%instcombine%_%ipsccp%_%jump_threading%_%licm%_%print_used_types%_%root%_%time_passes%_%;266.0933;217.957
gvn%_%inline%_%instcombine%_%ipsccp%_%jump_threading%_%licm%_%print_used_types%_%root%_%sccp%_%time_passes%_%;262.5967;217.8612
gvn%_%inline%_%instcombine%_%ipsccp%_%iv_users%_%jump_threading%_%licm%_%print_used_types%_%root%_%time_passes%_%;264.6;216.9548
gvn%_%inline%_%instcombine%_%ipsccp%_%iv_users%_%jump_threading%_%licm%_%print_used_types%_%root%_%sccp%_%time_passes%_%;267.3167;216.9461
inline%_%instcombine%_%jump_threading%_%licm%_%root%_%simplifycfg%_%time_passes%_%;269.38;218.6059
inline%_%instcombine%_%iv_users%_%jump_threading%_%licm%_%root%_%simplifycfg%_%time_passes%_%;247.13;217.5052
inline%_%instcombine%_%ipsccp%_%jump_threading%_%licm%_%root%_%simplifycfg%_%time_passes%_%;249.74;218.062
inline%_%instcombine%_%ipsccp%_%iv_users%_%jump_threading%_%licm%_%root%_%simplifycfg%_%time_passes%_%;249.6;216.9644
inline%_%instcombine%_%ipsccp%_%jump_threading%_%licm%_%print_used_types%_%root%_%simplifycfg%_%time_passes%_%;247.31;217.957
inline%_%instcombine%_%iv_users%_%jump_threading%_%licm%_%print_used_types%_%root%_%simplifycfg%_%time_passes%_%;250.7533;217.4487
